county,year,county_fips,diabetes_percentage,adult_smoking_percent,adult_obesity_percent,physical_inactivity_percent
alamance,2010,37001,11.2,25.6,28.8,NA
alexander,2010,37003,9.5,24.4,28.2,NA
alleghany,2010,37005,9,27.3,25.9,NA
anson,2010,37007,12.1,25.1,33.1,NA
ashe,2010,37009,7.7,23.8,28.4,NA
avery,2010,37011,9.2,24.9,26.5,NA
beaufort,2010,37013,12.1,24.1,34.1,NA
bertie,2010,37015,12.4,20.3,37,NA
bladen,2010,37017,12.6,22.3,30.9,NA
brunswick,2010,37019,9.3,23.6,27.5,NA
buncombe,2010,37021,8.4,23.6,21.2,NA
burke,2010,37023,11.2,31.3,27.5,NA
cabarrus,2010,37025,9.6,20.6,28.5,NA
caldwell,2010,37027,10.1,25.2,29.9,NA
camden,2010,37029,9.8,NA,31.8,NA
carteret,2010,37031,9.2,26.2,27.3,NA
caswell,2010,37033,11.8,35.1,30.1,NA
catawba,2010,37035,9.1,20.1,26.4,NA
chatham,2010,37037,8,23.4,24.6,NA
cherokee,2010,37039,10.5,28.4,24.7,NA
chowan,2010,37041,11.2,26.1,30.2,NA
clay,2010,37043,8.3,24.2,24.6,NA
cleveland,2010,37045,11.9,25.2,29.7,NA
columbus,2010,37047,11.6,27.3,31.7,NA
craven,2010,37049,11.2,21.4,30.3,NA
cumberland,2010,37051,12.6,26.4,31.1,NA
currituck,2010,37053,10,36.7,27.2,NA
dare,2010,37055,8.7,29.4,24.3,NA
davidson,2010,37057,9.9,26.4,30.1,NA
davie,2010,37059,10,28.7,27.9,NA
duplin,2010,37061,12.7,21.4,31.1,NA
durham,2010,37063,10,18.9,27.6,NA
edgecombe,2010,37065,12.8,29.6,37.8,NA
forsyth,2010,37067,9.4,22.1,24.7,NA
franklin,2010,37069,9.6,24.2,29.8,NA
gaston,2010,37071,11.4,27.9,28.6,NA
gates,2010,37073,11.4,14.3,33.4,NA
graham,2010,37075,9.9,NA,28.8,NA
granville,2010,37077,11.6,27.2,36.1,NA
greene,2010,37079,11,12,33.9,NA
guilford,2010,37081,9.7,20.3,27.8,NA
halifax,2010,37083,13.7,19.7,34.1,NA
harnett,2010,37085,11.2,26.8,29.5,NA
haywood,2010,37087,8.3,26.7,28.3,NA
henderson,2010,37089,7.6,20.3,25.8,NA
hertford,2010,37091,12.3,21.8,34.3,NA
hoke,2010,37093,12.5,33.6,32.7,NA
hyde,2010,37095,11,NA,31.2,NA
iredell,2010,37097,8.1,26.4,26.8,NA
jackson,2010,37099,11.7,27.8,28,NA
johnston,2010,37101,11.4,25.2,31.9,NA
jones,2010,37103,12.5,NA,31.8,NA
lee,2010,37105,10,24.7,28.7,NA
lenoir,2010,37107,12.7,24.8,32.5,NA
lincoln,2010,37109,9.4,24.1,28.4,NA
macon,2010,37113,8,19.2,27.7,NA
madison,2010,37115,9.2,32.2,26.5,NA
martin,2010,37117,12.4,22.3,34.2,NA
mcdowell,2010,37111,11.6,26.3,32.2,NA
mecklenburg,2010,37119,9,17.4,24.2,NA
mitchell,2010,37121,9.2,26,26.2,NA
montgomery,2010,37123,11.1,26.6,30.8,NA
moore,2010,37125,8.8,20.5,24.1,NA
nash,2010,37127,10.9,23.2,32.3,NA
new hanover,2010,37129,10,20,23.8,NA
northampton,2010,37131,11.2,25.5,37.5,NA
onslow,2010,37133,10.6,26.2,29.8,NA
orange,2010,37135,7,13.1,22.3,NA
pamlico,2010,37137,10.3,30.6,28.7,NA
pasquotank,2010,37139,11.5,28.1,32.3,NA
pender,2010,37141,10.1,25.7,28.7,NA
perquimans,2010,37143,11.1,NA,31.4,NA
person,2010,37145,11.6,30.8,32,NA
pitt,2010,37147,9.4,20.2,32.2,NA
polk,2010,37149,7.5,20.6,23.7,NA
randolph,2010,37151,9.3,26,28.9,NA
richmond,2010,37153,11.3,26.8,30.4,NA
robeson,2010,37155,14.8,28,36.1,NA
rockingham,2010,37157,10,34.4,31.1,NA
rowan,2010,37159,11.3,29.7,29.7,NA
rutherford,2010,37161,10.5,23.5,27.7,NA
sampson,2010,37163,11.5,26.3,31.6,NA
scotland,2010,37165,12,29.1,33.9,NA
stanly,2010,37167,10.4,27.4,27.1,NA
stokes,2010,37169,8.7,31.7,29,NA
surry,2010,37171,10.8,30.1,27.5,NA
swain,2010,37173,13,40.3,28.1,NA
transylvania,2010,37175,7.2,26.6,24.2,NA
tyrrell,2010,37177,11.6,NA,31,NA
union,2010,37179,8.5,20.4,26.8,NA
vance,2010,37181,12.8,30,33.8,NA
wake,2010,37183,7.4,16,27,NA
warren,2010,37185,13,24.2,36.4,NA
washington,2010,37187,11.5,19.2,32.3,NA
watauga,2010,37189,9.6,26.6,23.1,NA
wayne,2010,37191,11.4,28,30.8,NA
wilkes,2010,37193,11,27.5,27.9,NA
wilson,2010,37195,12.3,21.4,31.4,NA
yadkin,2010,37197,8.5,26.3,30.5,NA
yancey,2010,37199,8.7,17.2,23.8,NA
alamance,2011,37001,11,23,31.4,27.9
alexander,2011,37003,9.2,21.5,28.6,26.3
alleghany,2011,37005,8.8,28.5,26.7,29
anson,2011,37007,12.3,20.4,33,30.7
ashe,2011,37009,7.9,23.2,24.4,25.9
avery,2011,37011,8.8,24.1,28.4,20.7
beaufort,2011,37013,10.8,22.8,33.7,27.8
bertie,2011,37015,12,16.7,35.9,29.5
bladen,2011,37017,12.8,23.2,33.4,27.7
brunswick,2011,37019,8.7,23.8,28.4,25.5
buncombe,2011,37021,8.7,22.7,22.2,20
burke,2011,37023,11,29.1,26.8,29.6
cabarrus,2011,37025,9.3,21.6,29.8,23.8
caldwell,2011,37027,11.1,25.8,30.8,27.7
camden,2011,37029,9.8,19.3,31.6,26
carteret,2011,37031,9.3,26.3,28.7,25.9
caswell,2011,37033,11,34.8,30.2,31.4
catawba,2011,37035,10.2,21.2,27.2,25.1
chatham,2011,37037,8.3,22.1,25.9,21.2
cherokee,2011,37039,10.5,24.8,25.2,25.4
chowan,2011,37041,11.3,28,30,28.4
clay,2011,37043,8.3,23.6,25.4,25.2
cleveland,2011,37045,10.9,23.6,31.9,29.7
columbus,2011,37047,12,27.3,33,32.6
craven,2011,37049,10,19.6,29.9,26
cumberland,2011,37051,11.7,26,32.5,27.5
currituck,2011,37053,9.4,34.1,29.1,23.5
dare,2011,37055,8,33.6,25.1,23.3
davidson,2011,37057,9.9,24.7,29.9,28.6
davie,2011,37059,9.7,28,27.8,27
duplin,2011,37061,12,18.5,31.8,30.3
durham,2011,37063,9.8,15.9,29.2,21.4
edgecombe,2011,37065,13.5,28.1,37.2,31.6
forsyth,2011,37067,9.3,21.5,25,22.7
franklin,2011,37069,10,25.7,31.4,26.4
gaston,2011,37071,12.7,27.5,27.2,29.3
gates,2011,37073,10.7,15.1,33.5,28.6
graham,2011,37075,9.8,NA,28.8,25.5
granville,2011,37077,11.1,26.9,33.3,27.7
greene,2011,37079,11.5,10.9,32.2,28.8
guilford,2011,37081,9.3,19.5,27.9,23.2
halifax,2011,37083,12.8,21.5,36.9,31.2
harnett,2011,37085,10.2,27.4,31.7,26.9
haywood,2011,37087,8.8,25.9,28.7,23.7
henderson,2011,37089,8.3,20,25.1,22
hertford,2011,37091,12.1,23.5,34,32.4
hoke,2011,37093,13.3,25.1,31.7,28.2
hyde,2011,37095,10.8,NA,30.8,29.5
iredell,2011,37097,8.3,23.2,26.5,25.4
jackson,2011,37099,12.4,26.1,29.7,25.2
johnston,2011,37101,12.5,25.4,33.1,27.3
jones,2011,37103,12.9,NA,31.9,30.7
lee,2011,37105,10.6,21.9,28.8,23.2
lenoir,2011,37107,12.9,24.1,32.6,32.1
lincoln,2011,37109,9.6,21.5,26.8,23.5
macon,2011,37113,7.6,20.1,27.1,25.9
madison,2011,37115,9.4,30.3,26.3,22.6
martin,2011,37117,12.6,16.3,32.8,29.1
mcdowell,2011,37111,12.1,23.3,33.5,29.7
mecklenburg,2011,37119,9.2,17,25.6,19.6
mitchell,2011,37121,10.1,23,26.1,26.6
montgomery,2011,37123,11.6,25.4,30.7,26.8
moore,2011,37125,9.6,20.1,25.9,23.7
nash,2011,37127,10.9,23,32.1,27.9
new hanover,2011,37129,8.8,21.5,25.4,21.1
northampton,2011,37131,11.8,21.6,35.6,32
onslow,2011,37133,10.3,25.3,30.6,22.8
orange,2011,37135,7.5,12.9,22.4,15.9
pamlico,2011,37137,11.2,29.5,28.6,26.4
pasquotank,2011,37139,13,30,31.7,25.9
pender,2011,37141,10.8,27.3,32.3,26.6
perquimans,2011,37143,11.4,25.2,32.1,28.3
person,2011,37145,10.7,29.8,30.1,26.7
pitt,2011,37147,9.5,19.6,32.9,25.7
polk,2011,37149,8,20.4,23.2,22.6
randolph,2011,37151,10,25.6,28.8,29
richmond,2011,37153,11.3,24.1,30.7,28.7
robeson,2011,37155,14.9,27.9,38.7,37.1
rockingham,2011,37157,11.5,33.7,30.9,28.8
rowan,2011,37159,11.4,28,30.3,28.6
rutherford,2011,37161,10.8,24.7,29.5,30.8
sampson,2011,37163,10.9,23,32.8,27.4
scotland,2011,37165,13.3,25.8,34.9,29
stanly,2011,37167,10.2,27.3,27.7,29.8
stokes,2011,37169,9.5,33.6,30.7,27.1
surry,2011,37171,11.7,29.7,28.2,24
swain,2011,37173,14.1,38.2,31.6,29.6
transylvania,2011,37175,7.5,24.4,23.7,22.9
tyrrell,2011,37177,11.9,NA,31.5,27.3
union,2011,37179,8.3,18,27.5,22.5
vance,2011,37181,12.5,28.8,33.7,31.8
wake,2011,37183,7.7,15.2,26.7,18.7
warren,2011,37185,12.4,NA,36.1,31.1
washington,2011,37187,11.7,21.3,33.4,30.2
watauga,2011,37189,10.1,23,25,18.8
wayne,2011,37191,11.2,23.4,31.9,31.7
wilkes,2011,37193,10.4,27.7,28.6,29.6
wilson,2011,37195,11.6,19.2,31.9,32.3
yadkin,2011,37197,8.3,26.9,29.9,26.9
yancey,2011,37199,9.2,19.1,24.5,25.2
alamance,2012,37001,10.7,23.6,33.5,28.3
alexander,2012,37003,9.7,25.8,28.4,24.8
alleghany,2012,37005,9.4,27.2,25,29.9
anson,2012,37007,12.6,17.2,35.5,30.1
ashe,2012,37009,8,24.8,23,26.3
avery,2012,37011,8.6,24.1,29.7,21.3
beaufort,2012,37013,11.6,21.4,35.7,30
bertie,2012,37015,11.6,14.5,37.5,30.8
bladen,2012,37017,12.6,22.3,37.2,31.1
brunswick,2012,37019,8.6,23.9,29.5,27
buncombe,2012,37021,8,21.5,23.8,20.3
burke,2012,37023,10.9,27.1,28.4,28.2
cabarrus,2012,37025,9.3,19.9,31,23.1
caldwell,2012,37027,12.1,26.7,30.3,27.5
camden,2012,37029,9.9,19.1,32.3,25.9
carteret,2012,37031,8.7,24.3,28.1,28.7
caswell,2012,37033,10.8,30.3,31,29
catawba,2012,37035,11.9,22,26.5,26.7
chatham,2012,37037,8.7,20,24.8,22.3
cherokee,2012,37039,11.1,24.1,26.7,27.5
chowan,2012,37041,11,NA,30.1,29.5
clay,2012,37043,9.2,23,25.1,24.3
cleveland,2012,37045,10.5,23.9,32.3,30
columbus,2012,37047,12.9,25.2,33.8,28.7
craven,2012,37049,9.7,20.1,33.7,27
cumberland,2012,37051,12.1,24.4,33.2,29.5
currituck,2012,37053,9.4,NA,32.6,24.2
dare,2012,37055,8.7,NA,28.6,24.9
davidson,2012,37057,10.4,25.3,29.2,30
davie,2012,37059,9.8,26.8,28.5,28.9
duplin,2012,37061,11.2,18.9,34.5,33.8
durham,2012,37063,9.9,15.5,30.3,20.3
edgecombe,2012,37065,13.8,27.8,40.2,30.8
forsyth,2012,37067,9.6,20.8,25.6,21.3
franklin,2012,37069,11.8,27.2,34.6,28.5
gaston,2012,37071,13.4,26.7,26.4,29
gates,2012,37073,10.4,11,34.8,30.4
graham,2012,37075,9.5,NA,27.7,27.5
granville,2012,37077,12.1,26.1,32.1,26.7
greene,2012,37079,11.8,11.2,33.5,29.4
guilford,2012,37081,9.1,18.4,28.2,23.2
halifax,2012,37083,12.6,21.6,38.5,34.3
harnett,2012,37085,11.6,28,31.9,27.4
haywood,2012,37087,9.7,23.9,28.1,24.2
henderson,2012,37089,8.4,19.7,23.6,23.4
hertford,2012,37091,12.3,24.3,35.4,34.5
hoke,2012,37093,12.8,22.6,33.6,28.7
hyde,2012,37095,11,NA,32.2,30.8
iredell,2012,37097,8.7,22.4,28.4,25.3
jackson,2012,37099,12.3,26,33.1,24.7
johnston,2012,37101,11.9,24,34.4,27.7
jones,2012,37103,12.4,31.2,34.7,32.9
lee,2012,37105,12.4,22.2,30,24.2
lenoir,2012,37107,12.5,21.5,32.4,34.4
lincoln,2012,37109,10.1,19.9,27.5,23.5
macon,2012,37113,8.3,19.6,25.4,25.1
madison,2012,37115,8.6,27.3,28.4,22.4
martin,2012,37117,13,16.1,35.5,29
mcdowell,2012,37111,11.9,22.9,33.4,30.7
mecklenburg,2012,37119,8.9,15.9,25.8,19.9
mitchell,2012,37121,11.3,23.6,28,25.9
montgomery,2012,37123,11.3,23.7,32.5,28.3
moore,2012,37125,9,19.5,26.6,23.8
nash,2012,37127,10.4,22,33.4,29
new hanover,2012,37129,7.9,20.1,25.6,20.8
northampton,2012,37131,12.2,25.5,34.2,33.3
onslow,2012,37133,10.9,26.8,30,22.5
orange,2012,37135,7.7,12.7,22.7,16.3
pamlico,2012,37137,11.5,NA,27.5,26.9
pasquotank,2012,37139,13.3,33,33.3,26.2
pender,2012,37141,10.5,27.7,32.2,24.5
perquimans,2012,37143,11.4,22.3,33.4,28.2
person,2012,37145,11,25.5,33.2,28
pitt,2012,37147,9.5,19.5,35.9,25.1
polk,2012,37149,9.1,21.5,22.1,25.1
randolph,2012,37151,10.8,24.2,29.5,30.3
richmond,2012,37153,10.7,28.7,31.6,30.5
robeson,2012,37155,15.3,26.8,41.1,38.7
rockingham,2012,37157,11.1,30.7,33.2,30.9
rowan,2012,37159,10.9,25.6,31.5,30.1
rutherford,2012,37161,10.8,24.8,30.6,31.2
sampson,2012,37163,12,18.5,35.9,29
scotland,2012,37165,11.3,26.1,36.1,28.8
stanly,2012,37167,10.1,27.7,26.4,31.8
stokes,2012,37169,10.7,36.2,27.8,26.2
surry,2012,37171,11.1,27.2,31.4,27.9
swain,2012,37173,13.9,32.1,32,29.6
transylvania,2012,37175,7.9,19.4,23.8,24.6
tyrrell,2012,37177,11.7,NA,31.9,28.4
union,2012,37179,8.8,17.8,28.3,22.3
vance,2012,37181,11.7,27.5,32.7,32.8
wake,2012,37183,8.9,15.3,26,18.1
warren,2012,37185,12.2,NA,36.5,31
washington,2012,37187,11.7,18.5,34.6,29.5
watauga,2012,37189,8.4,21,24.9,20.6
wayne,2012,37191,11.8,23.6,33,32
wilkes,2012,37193,9.2,27.5,29.8,31.8
wilson,2012,37195,12,16.1,32.2,31.6
yadkin,2012,37197,8.8,25.4,30,28.8
yancey,2012,37199,9.3,20.9,27.4,28.3
alamance,2013,37001,9.6,23.3,33.5,28.3
alexander,2013,37003,9.8,25.5,28.4,24.8
alleghany,2013,37005,9.8,27.9,25,29.9
anson,2013,37007,13.3,18.2,35.5,30.1
ashe,2013,37009,9,24.4,23,26.3
avery,2013,37011,9.5,22.5,29.7,21.3
beaufort,2013,37013,10.7,NA,35.7,30
bertie,2013,37015,11.7,NA,37.5,30.8
bladen,2013,37017,12.2,23.8,37.2,31.1
brunswick,2013,37019,8.1,22.2,29.5,27
buncombe,2013,37021,8.2,20.5,23.8,20.3
burke,2013,37023,10,23.6,28.4,28.2
cabarrus,2013,37025,9.3,19.9,31,23.1
caldwell,2013,37027,12.1,24.4,30.3,27.5
camden,2013,37029,9.6,NA,32.3,25.9
carteret,2013,37031,8.2,22.2,28.1,28.7
caswell,2013,37033,10.9,NA,31,29
catawba,2013,37035,11.9,21.5,26.5,26.7
chatham,2013,37037,9.3,20.4,24.8,22.3
cherokee,2013,37039,9.7,23.4,26.7,27.5
chowan,2013,37041,10.4,NA,30.1,29.5
clay,2013,37043,9.5,24.5,25.1,24.3
cleveland,2013,37045,10.6,24.8,32.3,30
columbus,2013,37047,13.8,24.4,33.8,28.7
craven,2013,37049,9.4,23.9,33.7,27
cumberland,2013,37051,12.6,23.4,33.2,29.5
currituck,2013,37053,9.2,NA,32.6,24.2
dare,2013,37055,8.1,NA,28.6,24.9
davidson,2013,37057,9.5,24.9,29.2,30
davie,2013,37059,8.8,24.7,28.5,28.9
duplin,2013,37061,12.1,19.9,34.5,33.8
durham,2013,37063,9.1,14.6,30.3,20.3
edgecombe,2013,37065,14.1,21.4,40.2,30.8
forsyth,2013,37067,10.2,20,25.6,21.3
franklin,2013,37069,12.3,26.4,34.6,28.5
gaston,2013,37071,12.4,26.5,26.4,29
gates,2013,37073,10.5,12.2,34.8,30.4
graham,2013,37075,9.5,22.8,27.7,27.5
granville,2013,37077,10.7,22.5,32.1,26.7
greene,2013,37079,11.6,12.7,33.5,29.4
guilford,2013,37081,9.7,18,28.2,23.2
halifax,2013,37083,11.4,22.8,38.5,34.3
harnett,2013,37085,10.7,27.3,31.9,27.4
haywood,2013,37087,9.7,25.6,28.1,24.2
henderson,2013,37089,7.5,18.5,23.6,23.4
hertford,2013,37091,12.2,21.9,35.4,34.5
hoke,2013,37093,13.4,20.1,33.6,28.7
hyde,2013,37095,10.4,NA,32.2,30.8
iredell,2013,37097,9.3,21,28.4,25.3
jackson,2013,37099,10.5,24.2,33.1,24.7
johnston,2013,37101,13.2,24,34.4,27.7
jones,2013,37103,11.9,NA,34.7,32.9
lee,2013,37105,12.2,22.1,30,24.2
lenoir,2013,37107,13.2,17.7,32.4,34.4
lincoln,2013,37109,9.9,19.4,27.5,23.5
macon,2013,37113,8.6,21.7,25.4,25.1
madison,2013,37115,8.7,26.1,28.4,22.4
martin,2013,37117,12.7,12.9,35.5,29
mcdowell,2013,37111,12.1,24,33.4,30.7
mecklenburg,2013,37119,9,15,25.8,19.9
mitchell,2013,37121,10.1,23.5,28,25.9
montgomery,2013,37123,10.5,NA,32.5,28.3
moore,2013,37125,8.1,16.8,26.6,23.8
nash,2013,37127,11.4,23.5,33.4,29
new hanover,2013,37129,7.8,18.3,25.6,20.8
northampton,2013,37131,12.6,26,34.2,33.3
onslow,2013,37133,9.8,25.7,30,22.5
orange,2013,37135,8,12,22.7,16.3
pamlico,2013,37137,11.4,17.4,27.5,26.9
pasquotank,2013,37139,13.2,34.6,33.3,26.2
pender,2013,37141,10.3,29.6,32.2,24.5
perquimans,2013,37143,10.4,NA,33.4,28.2
person,2013,37145,10.6,25.6,33.2,28
pitt,2013,37147,9.9,19.1,35.9,25.1
polk,2013,37149,9.5,23.4,22.1,25.1
randolph,2013,37151,12,23.8,29.5,30.3
richmond,2013,37153,9.9,27.9,31.6,30.5
robeson,2013,37155,14.8,26,41.1,38.7
rockingham,2013,37157,11.8,29.3,33.2,30.9
rowan,2013,37159,11.2,24.6,31.5,30.1
rutherford,2013,37161,11.5,26,30.6,31.2
sampson,2013,37163,12.1,17.8,35.9,29
scotland,2013,37165,12.1,25.9,36.1,28.8
stanly,2013,37167,10.4,25.5,26.4,31.8
stokes,2013,37169,10.5,36.4,27.8,26.2
surry,2013,37171,11.1,26.5,31.4,27.9
swain,2013,37173,12.8,28.2,32,29.6
transylvania,2013,37175,8.2,17.4,23.8,24.6
tyrrell,2013,37177,11.7,NA,31.9,28.4
union,2013,37179,9,17.8,28.3,22.3
vance,2013,37181,12.2,27.1,32.7,32.8
wake,2013,37183,8.5,14.2,26,18.1
warren,2013,37185,11.4,NA,36.5,31
washington,2013,37187,11.6,17.5,34.6,29.5
watauga,2013,37189,8.7,19.6,24.9,20.6
wayne,2013,37191,12,24,33,32
wilkes,2013,37193,8.7,28.1,29.8,31.8
wilson,2013,37195,10.8,11.8,32.2,31.6
yadkin,2013,37197,8.7,25.1,30,28.8
yancey,2013,37199,8.6,24.1,27.4,28.3
alamance,2014,37001,10.1,23.8,34.1,27.3
alexander,2014,37003,9.8,26,27.2,23.3
alleghany,2014,37005,9.7,27.1,24.7,31.4
anson,2014,37007,12.7,19.8,34.6,29
ashe,2014,37009,9.3,24,22.5,27.7
avery,2014,37011,10.5,24.5,28.9,24.6
beaufort,2014,37013,11.5,28.3,34.3,31
bertie,2014,37015,10.8,18.5,35,31.7
bladen,2014,37017,12.1,20.6,36.1,33.2
brunswick,2014,37019,8.3,21.4,29.5,25.6
buncombe,2014,37021,7.9,20,23.6,20.9
burke,2014,37023,9.4,24.2,28.8,29.9
cabarrus,2014,37025,9.1,19.3,30.9,23.6
caldwell,2014,37027,11.6,22.5,29.5,28.6
camden,2014,37029,10.1,17.2,30.2,24.1
carteret,2014,37031,8.3,21.4,29,30.4
caswell,2014,37033,10.6,35.8,32.5,27.9
catawba,2014,37035,11.2,22.5,28.4,28.4
chatham,2014,37037,8.9,20.4,25.7,21.2
cherokee,2014,37039,8.9,25.1,27.5,30.1
chowan,2014,37041,11.2,29.9,30,29.2
clay,2014,37043,8.9,20.7,25.8,29.2
cleveland,2014,37045,11.2,24.3,30.2,31.3
columbus,2014,37047,13.1,23,32.1,28.3
craven,2014,37049,11.6,22.1,31.9,29.4
cumberland,2014,37051,12.6,22.1,33.8,30.3
currituck,2014,37053,9.6,26.4,29.2,25.9
dare,2014,37055,7.8,30.9,28.1,26.6
davidson,2014,37057,9.5,25.7,29,32.3
davie,2014,37059,9.4,22.5,28.1,26.1
duplin,2014,37061,12.8,20.4,36.1,33.7
durham,2014,37063,8.3,13.6,29.4,20.3
edgecombe,2014,37065,13.8,20.9,37,29
forsyth,2014,37067,10.7,19.7,26,21.7
franklin,2014,37069,12.3,26.7,33.4,28.6
gaston,2014,37071,11.2,25.8,27.3,28.6
gates,2014,37073,10.7,NA,32.8,30.7
graham,2014,37075,9.3,22.4,29.5,27.7
granville,2014,37077,10.8,22.8,30.2,29.7
greene,2014,37079,11.1,NA,31.8,27.9
guilford,2014,37081,9.7,16.7,27.4,23.5
halifax,2014,37083,12.3,21.3,37.9,33.9
harnett,2014,37085,11.1,25.7,33.1,28.6
haywood,2014,37087,8.8,26.1,25.9,21.6
henderson,2014,37089,6.9,17.4,21.9,23.5
hertford,2014,37091,13.5,26.5,34.1,33.6
hoke,2014,37093,10.9,20.1,33.1,30.1
hyde,2014,37095,10.7,NA,31.5,28.6
iredell,2014,37097,10,19.7,27.9,23.9
jackson,2014,37099,9.6,22.2,32.8,25
johnston,2014,37101,12.2,25.4,33.4,27.8
jones,2014,37103,12,44.2,34.1,33.1
lee,2014,37105,12.2,20,29.2,26.3
lenoir,2014,37107,13.2,16.1,34.2,35.6
lincoln,2014,37109,10.4,17.3,27.9,25.5
macon,2014,37113,9.4,20.9,24.5,25.5
madison,2014,37115,8.9,22.4,30,26
martin,2014,37117,11.7,11.8,33.9,30.2
mcdowell,2014,37111,10.9,23.1,33.8,31.5
mecklenburg,2014,37119,9.1,13.8,25.5,20.6
mitchell,2014,37121,9.8,26,29.1,28.5
montgomery,2014,37123,9.5,NA,31.3,27.6
moore,2014,37125,8.4,15.4,28.5,27.9
nash,2014,37127,12.1,22.4,33.3,30.4
new hanover,2014,37129,7.7,18,25.5,21
northampton,2014,37131,11.9,21.5,30.7,34.1
onslow,2014,37133,10.1,24.8,27.8,23.6
orange,2014,37135,8.2,11.6,20.8,16
pamlico,2014,37137,10.4,NA,30.2,28.7
pasquotank,2014,37139,11.5,34.8,32.6,29.3
pender,2014,37141,10.3,28.1,29.2,26.6
perquimans,2014,37143,10.7,21,31.9,28.1
person,2014,37145,10.7,27,32.6,29.5
pitt,2014,37147,10.2,19.2,35.7,24.3
polk,2014,37149,9.5,18.9,23,25.8
randolph,2014,37151,12,23.4,28.7,28.8
richmond,2014,37153,10.3,26.1,30.5,32.7
robeson,2014,37155,15,25.6,40.7,37.2
rockingham,2014,37157,10.4,27.5,32.4,29.9
rowan,2014,37159,11.4,24.9,33.1,30.2
rutherford,2014,37161,11.1,26.5,30,28.8
sampson,2014,37163,13.1,16.9,36.7,27.5
scotland,2014,37165,11.3,24.8,36.4,28.9
stanly,2014,37167,10.1,25.3,26.6,30.7
stokes,2014,37169,9.3,36.1,25.6,25.9
surry,2014,37171,10.1,27.5,30.7,26.5
swain,2014,37173,10.9,29.9,33.9,30.2
transylvania,2014,37175,7.8,22.7,23.7,22.6
tyrrell,2014,37177,11.3,NA,31.3,29.9
union,2014,37179,10.1,16.4,27.4,21.2
vance,2014,37181,11.2,27.5,33,31.6
wake,2014,37183,8.5,12.9,24.8,18.6
warren,2014,37185,11.8,22.5,34.8,31.2
washington,2014,37187,11.4,NA,33,30.4
watauga,2014,37189,9.2,16.4,27.5,21.9
wayne,2014,37191,12.8,23.6,34.1,31
wilkes,2014,37193,10.2,28,29.3,31.9
wilson,2014,37195,11.3,12.1,34.9,30.5
yadkin,2014,37197,8.8,25.5,29.7,28.1
yancey,2014,37199,8.4,21.4,28.7,30.6
alamance,2015,37001,10.3,23.8,33.2,25.7
alexander,2015,37003,9.4,26,28.3,23.4
alleghany,2015,37005,9.2,27.1,23.5,31.5
anson,2015,37007,12.5,19.8,35.1,28.5
ashe,2015,37009,9.1,24,24.3,27.5
avery,2015,37011,10.6,24.5,25.7,25.7
beaufort,2015,37013,9.7,28.3,31.9,29.1
bertie,2015,37015,12.2,18.5,35.2,31.1
bladen,2015,37017,11.8,20.6,35.7,33.1
brunswick,2015,37019,8.3,21.4,29.1,22
buncombe,2015,37021,7.6,20,23.6,21.8
burke,2015,37023,9.5,24.2,31,29.2
cabarrus,2015,37025,9.2,19.3,29.3,23.8
caldwell,2015,37027,10.3,22.5,29.3,26.2
camden,2015,37029,9.8,17.2,31.3,24.8
carteret,2015,37031,8.4,21.4,28.1,29.7
caswell,2015,37033,10.7,35.8,33.9,29.5
catawba,2015,37035,10.2,22.5,28.5,29.5
chatham,2015,37037,8.8,20.4,25.6,22.6
cherokee,2015,37039,9,25.1,28.9,31.2
chowan,2015,37041,11.3,29.9,31.6,29
clay,2015,37043,8.6,20.7,26.4,29.3
cleveland,2015,37045,11.1,24.3,29.2,30.1
columbus,2015,37047,13.1,23,31.5,28
craven,2015,37049,12.1,22.1,30.4,27.6
cumberland,2015,37051,12.9,22.1,31.1,28.3
currituck,2015,37053,10.4,26.4,30.5,25.5
dare,2015,37055,7.8,30.9,27.8,24.9
davidson,2015,37057,11.2,25.7,29.9,32.5
davie,2015,37059,9.5,22.5,26.5,25.6
duplin,2015,37061,14.2,20.4,34,30.6
durham,2015,37063,8,13.6,28.8,20.1
edgecombe,2015,37065,13.1,20.9,39.7,30.3
forsyth,2015,37067,10.5,19.7,25.9,21.7
franklin,2015,37069,9.4,26.7,32.5,28.1
gaston,2015,37071,10.6,25.8,31.2,29.1
gates,2015,37073,10.8,NA,34.3,29.6
graham,2015,37075,8.6,22.4,29.5,25
granville,2015,37077,10,22.8,33.3,25.9
greene,2015,37079,10.3,NA,33.1,27.5
guilford,2015,37081,9.7,16.7,28.2,22
halifax,2015,37083,13.3,21.3,39.2,34.6
harnett,2015,37085,10.1,25.7,31,26.8
haywood,2015,37087,8.6,26.1,23.9,23.5
henderson,2015,37089,7.6,17.4,21.8,23.1
hertford,2015,37091,13.9,26.5,33.4,33.4
hoke,2015,37093,10.9,20.1,34.4,30
hyde,2015,37095,11.1,NA,29.7,27
iredell,2015,37097,10.2,19.7,28.3,23.9
jackson,2015,37099,8.7,22.2,32.3,26.8
johnston,2015,37101,11,25.4,34.3,26.7
jones,2015,37103,12,44.2,34.3,30.1
lee,2015,37105,10.3,20,29.2,23.9
lenoir,2015,37107,13,16.1,35.3,34.1
lincoln,2015,37109,9.7,17.3,28.6,27.8
macon,2015,37113,8.5,20.9,24.2,23.3
madison,2015,37115,8.3,22.4,29,27.2
martin,2015,37117,11,11.8,35.8,32.5
mcdowell,2015,37111,10.4,23.1,31.3,30.4
mecklenburg,2015,37119,9,13.8,24.4,20.3
mitchell,2015,37121,9.2,26,30.4,30.9
montgomery,2015,37123,9.8,NA,33,27.4
moore,2015,37125,8.6,15.4,27.8,26.6
nash,2015,37127,12.3,22.4,31.9,32.1
new hanover,2015,37129,8.4,18,25,19.9
northampton,2015,37131,13.3,21.5,35.6,34.4
onslow,2015,37133,9.7,24.8,27.5,23.9
orange,2015,37135,8.1,11.6,21.3,15.8
pamlico,2015,37137,10.2,NA,30.4,27.3
pasquotank,2015,37139,11.1,34.8,34.5,28.2
pender,2015,37141,10.9,28.1,26.9,24.8
perquimans,2015,37143,10.9,21,33.8,26.5
person,2015,37145,9.8,27,33.3,29
pitt,2015,37147,11.1,19.2,37.1,24.5
polk,2015,37149,9.1,18.9,25.1,26.4
randolph,2015,37151,9.5,23.4,29.8,29.3
richmond,2015,37153,12.5,26.1,34.9,33
robeson,2015,37155,14.5,25.6,39.5,34.8
rockingham,2015,37157,11.3,27.5,34.2,33.3
rowan,2015,37159,10.6,24.9,34,30.2
rutherford,2015,37161,9.7,26.5,27.3,26.6
sampson,2015,37163,10.9,16.9,36.4,29.4
scotland,2015,37165,11.8,24.8,35.7,28
stanly,2015,37167,10.3,25.3,28.6,32.8
stokes,2015,37169,8.9,36.1,31.4,28.4
surry,2015,37171,10.8,27.5,31.3,30.6
swain,2015,37173,10.2,29.9,33,28.9
transylvania,2015,37175,7.4,22.7,24.1,21.2
tyrrell,2015,37177,11.5,NA,31.4,27.3
union,2015,37179,9.3,16.4,26.8,19.4
vance,2015,37181,11.3,27.5,35.4,31.9
wake,2015,37183,7.9,12.9,25.3,18.1
warren,2015,37185,11,22.5,36.3,30
washington,2015,37187,11.6,NA,33.8,29.4
watauga,2015,37189,8.5,16.4,25.3,21.7
wayne,2015,37191,12.1,23.6,32.1,27.8
wilkes,2015,37193,10.7,28,29.3,32.7
wilson,2015,37195,10.3,12.1,37.3,30.2
yadkin,2015,37197,8.9,25.5,30.1,28.2
yancey,2015,37199,8.4,21.4,27.1,26
alamance,2016,37001,11,18.9,33.7,25.6
alexander,2016,37003,16.2,19.1,33,26
alleghany,2016,37005,8.1,18.6,25.7,32.6
anson,2016,37007,17,24,34.5,30.1
ashe,2016,37009,14.3,18.3,26.4,26.8
avery,2016,37011,16.4,19.2,25.9,24.4
beaufort,2016,37013,8.2,18.1,32.9,29.3
bertie,2016,37015,17.6,22.6,35.5,32.7
bladen,2016,37017,16.3,23.2,34.8,32.6
brunswick,2016,37019,9.2,16.8,28.6,20.5
buncombe,2016,37021,7,18.8,22.8,20.5
burke,2016,37023,7,18.8,31.5,30.3
cabarrus,2016,37025,10.9,18,27.8,23.6
caldwell,2016,37027,16.4,20.8,31,28
camden,2016,37029,9.1,15.9,32.3,24
carteret,2016,37031,8.3,17.1,26.2,26
caswell,2016,37033,4.5,19,35.8,31.9
catawba,2016,37035,8.8,19.1,30.8,30
chatham,2016,37037,8.6,16.2,27,22.5
cherokee,2016,37039,9.5,18.5,28.5,29.6
chowan,2016,37041,13.1,19.8,32.4,28.1
clay,2016,37043,3.7,18.3,28.6,31.6
cleveland,2016,37045,13.2,19.9,32.1,30.4
columbus,2016,37047,16.9,22.8,31,28.2
craven,2016,37049,14.1,18.2,29.5,28.7
cumberland,2016,37051,11.9,21.5,32,26.9
currituck,2016,37053,7.8,17.8,28.3,24.5
dare,2016,37055,8.2,17.4,28.1,26.9
davidson,2016,37057,13.4,17.9,30.2,31.3
davie,2016,37059,13.3,16,28,26.7
duplin,2016,37061,18.3,21.9,29.2,32.2
durham,2016,37063,6.7,16.6,28.2,20.9
edgecombe,2016,37065,14,21.7,39.2,33
forsyth,2016,37067,10,18.2,28.7,24.3
franklin,2016,37069,7.1,19.9,31.8,28.6
gaston,2016,37071,9.1,21.2,33.6,29.6
gates,2016,37073,12.2,18.9,34.1,31.2
graham,2016,37075,5.1,19.4,30.5,26.3
granville,2016,37077,9.3,19.4,37,28.8
greene,2016,37079,10.5,21.7,34.2,28.9
guilford,2016,37081,8.7,18.5,28.4,22.8
halifax,2016,37083,19.4,22.5,39.4,34.8
harnett,2016,37085,11.6,20.2,33,28.4
haywood,2016,37087,8.7,17.4,26.4,23.9
henderson,2016,37089,7.2,15.6,24.3,24.3
hertford,2016,37091,19.2,22.1,35.2,32.6
hoke,2016,37093,12.7,23.4,34.8,29.8
hyde,2016,37095,18.1,19.3,29.9,28.9
iredell,2016,37097,10.4,16.7,28.2,22.9
jackson,2016,37099,7,20.4,32.4,27.7
johnston,2016,37101,8.8,19.7,35.2,24.1
jones,2016,37103,27.2,19.1,34.4,28.5
lee,2016,37105,9.8,20,29.3,24.7
lenoir,2016,37107,15.3,20.6,36,32.6
lincoln,2016,37109,10.1,18.7,28.8,27.9
macon,2016,37113,10.3,17.5,25.1,27.6
madison,2016,37115,5.1,18.9,24.8,27.8
martin,2016,37117,10,21.9,36.4,31.5
mcdowell,2016,37111,10.4,19.9,30.3,30.5
mecklenburg,2016,37119,8.7,15.8,23.5,20.6
mitchell,2016,37121,14,18.1,28.8,29.8
montgomery,2016,37123,12.5,20.9,31.9,28
moore,2016,37125,8.6,16.9,27.9,24.4
nash,2016,37127,12.8,18.9,31.2,30.7
new hanover,2016,37129,6.8,16,26,21
northampton,2016,37131,18.1,21.4,37.8,33.6
onslow,2016,37133,11,20.4,26.1,22.5
orange,2016,37135,5.6,16.5,19.9,15.1
pamlico,2016,37137,12,17.3,31.9,27
pasquotank,2016,37139,10,18.9,33.7,27.7
pender,2016,37141,15,18.8,28.8,26.3
perquimans,2016,37143,13.1,18.5,33.2,26.4
person,2016,37145,7.4,19.2,32.7,27.3
pitt,2016,37147,9.5,20.8,34.4,25.5
polk,2016,37149,11,15.2,27,26.4
randolph,2016,37151,9.7,20.2,29.8,30.8
richmond,2016,37153,17.4,21.2,37.1,32.1
robeson,2016,37155,14.9,28.6,39.1,34
rockingham,2016,37157,12,20.3,34,31.2
rowan,2016,37159,12.3,19.6,34.3,30.5
rutherford,2016,37161,10.5,21.7,28.1,29.1
sampson,2016,37163,13.1,20,38.6,32
scotland,2016,37165,16.7,24.9,36.6,26.5
stanly,2016,37167,7.8,17.9,29.8,32.4
stokes,2016,37169,11,18.5,33.7,31.3
surry,2016,37171,12.1,19,28.9,31.7
swain,2016,37173,11,23.1,35.3,28.9
transylvania,2016,37175,6.6,16.1,24,22.7
tyrrell,2016,37177,10.9,21.4,31,27.3
union,2016,37179,8.1,16.8,26.6,18.7
vance,2016,37181,8,21.8,36.9,32.6
wake,2016,37183,8.4,15.1,24.9,18.3
warren,2016,37185,4.8,21.5,37.7,29.9
washington,2016,37187,14.2,21.3,32.8,29.1
watauga,2016,37189,6.8,21.2,26.4,21.9
wayne,2016,37191,15.3,20.2,34.7,26.5
wilkes,2016,37193,11.3,19.9,26.2,29.3
wilson,2016,37195,12.3,21.8,38.1,31.3
yadkin,2016,37197,8.9,19.6,32.3,25.8
yancey,2016,37199,15.3,18.5,27,24.7
