county,year,pct_american_indian_or_alaska_native,pct_asian_or_pacific_islander,pct_black_or_african_american,pct_white,pct_hispanic_or_latino,pct_not_hispanic_or_latino,pct_20-44,pct_45-64,pct_65-74,pct_75+,diabetes_percentage,countyfips,adult_smoking_percent,adult_obesity_percent,physical_inactivity_percent,rural
Alamance,2010,0.84,1.01,13.89,57.51,6.05,67.2,32.18,26.43,7.59,7.05,11.2,37001,25.58,28.8,NA,FALSE
Alamance,2011,0.85,1.03,14.02,57.51,6.13,67.29,31.85,26.8,7.72,7.04,11,37001,23,31.4,NA,FALSE
Alamance,2012,0.86,1.08,14.22,57.52,6.26,67.41,31.57,26.85,8.19,7.06,10.7,37001,23.6,33.5,28.3,FALSE
Alamance,2013,0.86,1.14,14.33,57.44,6.41,67.36,31.33,26.76,8.58,7.1,9.6,37001,23.3,33.5,28.3,FALSE
Alamance,2014,0.88,1.18,14.51,57.32,6.52,67.36,31.05,26.79,8.91,7.13,10.1,37001,23.8,34.1,27.3,FALSE
Alexander,2010,0.33,0.63,4.59,69.57,2.31,72.81,30.93,28.9,9.23,6.06,9.5,37003,24.4,28.2,NA,FALSE
Alexander,2011,0.34,0.66,4.56,70.09,2.36,73.29,30.59,29.25,9.61,6.2,9.2,37003,21.5,28.6,NA,FALSE
Alexander,2012,0.33,0.69,4.71,70.32,2.28,73.77,30.3,28.96,10.22,6.57,9.7,37003,25.8,28.4,24.8,FALSE
Alexander,2013,0.35,0.73,4.88,70.51,2.33,74.14,30.04,28.85,10.75,6.83,9.8,37003,25.5,28.4,24.8,FALSE
Alexander,2014,0.37,0.77,4.99,70.9,2.42,74.62,30.09,28.84,10.94,7.16,9.8,37003,26,27.2,23.3,FALSE
Alleghany,2010,0.31,0.35,1.14,75.9,5.58,72.11,26.49,30.48,11.58,9.14,9,37005,27.26,25.9,NA,TRUE
Alleghany,2011,0.31,0.41,1.2,76.23,5.44,72.71,26.02,30.74,12,9.4,8.8,37005,28.5,26.7,NA,TRUE
Alleghany,2012,0.3,0.46,1.3,76.72,5.53,73.24,25.7,30.49,12.79,9.79,9.4,37005,27.2,25,29.9,TRUE
Alleghany,2013,0.32,0.5,1.27,77.72,5.49,74.31,25.26,30.56,13.87,10.12,9.8,37005,27.9,25,29.9,TRUE
Alleghany,2014,0.34,0.57,1.4,77.62,5.61,74.32,24.79,30.13,14.53,10.48,9.7,37005,27.1,24.7,31.4,TRUE
Anson,2010,0.55,0.79,35.6,38.67,2.05,73.55,33.44,27.73,7.94,6.49,12.1,37007,25.12,33.1,NA,TRUE
Anson,2011,0.6,0.81,36.04,38.53,2.1,73.88,33.34,27.97,8.11,6.57,12.3,37007,20.4,33,NA,TRUE
Anson,2012,0.63,0.8,36.35,38.65,2.21,74.23,33.19,28.03,8.59,6.63,12.6,37007,17.2,35.5,30.1,TRUE
Anson,2013,0.6,0.85,36.68,38.79,2.27,74.67,32.99,28.07,9.05,6.82,13.3,37007,18.2,35.5,30.1,TRUE
Anson,2014,0.65,0.85,37.55,38.78,2.48,75.36,34.03,27.72,9.42,6.67,12.7,37007,19.8,34.6,29,TRUE
Ashe,2010,0.19,0.33,0.71,77.42,3.15,75.5,27.86,30.58,11.47,8.74,7.7,37009,23.79,28.4,NA,TRUE
Ashe,2011,0.2,0.36,0.71,77.77,3.1,75.94,27.6,30.75,11.72,8.96,7.9,37009,23.2,24.4,NA,TRUE
Ashe,2012,0.22,0.37,0.75,77.96,3.11,76.2,27.22,30.51,12.44,9.13,8,37009,24.8,23,26.3,TRUE
Ashe,2013,0.23,0.41,0.83,77.91,3.1,76.27,26.89,30.08,13.06,9.34,9,37009,24.4,23,26.3,TRUE
Ashe,2014,0.24,0.44,0.82,78.14,3.2,76.44,26.74,29.72,13.48,9.7,9.3,37009,24,22.5,27.7,TRUE
Avery,2010,0.39,0.29,3.88,75.39,2.96,76.98,33.56,28.92,9.63,7.83,9.2,37011,24.9,26.5,NA,TRUE
Avery,2011,0.38,0.3,3.91,75.41,3.11,76.9,33.34,28.93,9.89,7.86,8.8,37011,24.1,28.4,NA,TRUE
Avery,2012,0.38,0.32,4.02,75.8,3.1,77.42,33.33,28.54,10.63,8.01,8.6,37011,24.1,29.7,21.3,TRUE
Avery,2013,0.4,0.32,4.04,75.89,3.12,77.53,33.27,28.19,10.96,8.23,9.5,37011,22.5,29.7,21.3,TRUE
Avery,2014,0.4,0.31,4.07,76.21,3.3,77.69,33.14,27.91,11.44,8.49,10.5,37011,24.5,28.9,24.6,TRUE
Beaufort,2010,0.51,0.36,18.67,56.2,3.66,72.07,27.08,30.12,10.94,7.59,12.1,37013,24.12,34.1,NA,TRUE
Beaufort,2011,0.52,0.39,18.75,56.4,3.78,72.27,26.98,29.95,11.38,7.74,10.8,37013,22.8,33.7,NA,TRUE
Beaufort,2012,0.55,0.43,18.69,56.7,3.91,72.46,26.84,29.43,12.12,7.98,11.6,37013,21.4,35.7,30,TRUE
Beaufort,2013,0.57,0.43,18.84,56.9,4,72.74,26.82,29.05,12.63,8.24,10.7,37013,NA,35.7,30,TRUE
Beaufort,2014,0.61,0.44,18.83,57.07,3.96,72.99,26.66,28.76,13.08,8.45,11.5,37013,28.3,34.3,31,TRUE
Bertie,2010,0.39,0.38,46.81,29.3,0.8,76.08,29.36,30.19,9.11,8.21,12.4,37015,20.29,37,NA,TRUE
Bertie,2011,0.41,0.4,47.14,29.6,0.88,76.67,29.41,30.31,9.33,8.49,12,37015,16.7,35.9,NA,TRUE
Bertie,2012,0.42,0.42,47.38,29.78,0.97,77.03,29.26,30.16,9.94,8.65,11.6,37015,14.5,37.5,30.8,TRUE
Bertie,2013,0.43,0.45,47.93,29.82,0.99,77.65,29.54,30.08,10.17,8.85,11.7,37015,NA,37.5,30.8,TRUE
Bertie,2014,0.44,0.46,48.73,29.75,1.09,78.29,30.37,29.75,10.34,8.92,10.8,37015,18.5,35,31.7,TRUE
Bladen,2010,1.78,0.2,25.83,46.81,4.14,70.48,29.17,29.78,9.32,6.35,12.6,37017,22.26,30.9,NA,TRUE
Bladen,2011,1.82,0.21,26.06,47.12,4.11,71.09,29,29.97,9.62,6.62,12.8,37017,23.2,33.4,NA,TRUE
Bladen,2012,1.91,0.23,26.12,47.23,4.08,71.41,28.75,29.63,10.24,6.87,12.6,37017,22.3,37.2,31.1,TRUE
Bladen,2013,1.92,0.24,26.4,47.35,3.98,71.93,28.58,29.4,10.8,7.13,12.2,37017,23.8,37.2,31.1,TRUE
Bladen,2014,1.98,0.25,26.45,47.64,4.04,72.28,28.44,29.14,11.33,7.41,12.1,37017,20.6,36.1,33.2,TRUE
Brunswick,2010,0.62,0.53,8.49,69.91,3.04,76.51,26.32,31.61,14.39,7.23,9.3,37019,23.6,27.5,NA,FALSE
Brunswick,2011,0.62,0.55,8.51,70.2,2.87,77.01,25.9,31.31,15.05,7.61,8.7,37019,23.8,28.4,NA,FALSE
Brunswick,2012,0.64,0.63,8.61,70.41,2.77,77.52,25.37,30.62,16.39,7.91,8.6,37019,23.9,29.5,27,FALSE
Brunswick,2013,0.67,0.65,8.58,70.83,2.76,77.97,25.12,30.06,17.36,8.19,8.1,37019,22.2,29.5,27,FALSE
Brunswick,2014,0.68,0.68,8.59,71.31,2.75,78.51,24.7,29.76,18.3,8.51,8.3,37019,21.4,29.5,25.6,FALSE
Buncombe,2010,0.42,0.9,4.77,71.07,3.57,73.59,32.83,28.28,8.49,7.55,8.4,37021,23.63,21.2,NA,FALSE
Buncombe,2011,0.41,0.94,4.8,71.33,3.61,73.87,32.84,28.34,8.73,7.58,8.7,37021,22.7,22.2,NA,FALSE
Buncombe,2012,0.42,0.99,4.82,71.49,3.61,74.11,32.77,27.99,9.35,7.61,8,37021,21.5,23.8,20.3,FALSE
Buncombe,2013,0.42,1.06,4.83,71.71,3.68,74.35,32.91,27.74,9.82,7.56,8.2,37021,20.5,23.8,20.3,FALSE
Buncombe,2014,0.43,1.11,4.89,71.96,3.73,74.66,32.86,27.56,10.32,7.64,7.9,37021,20,23.6,20.9,FALSE
Burke,2010,0.51,2.46,4.58,67.12,2.95,71.73,29.81,28.67,9.12,7.08,11.2,37023,31.32,27.5,NA,FALSE
Burke,2011,0.53,2.53,4.65,67.46,3.06,72.11,29.67,29.07,9.23,7.2,11,37023,29.1,26.8,NA,FALSE
Burke,2012,0.56,2.62,4.69,68.01,3.09,72.79,29.51,29.21,9.78,7.38,10.9,37023,27.1,28.4,28.2,FALSE
Burke,2013,0.58,2.76,4.74,68.56,3.12,73.52,29.51,29.38,10.23,7.52,10,37023,23.6,28.4,28.2,FALSE
Burke,2014,0.59,2.85,4.82,68.97,3.18,74.04,29.41,29.42,10.63,7.76,9.4,37023,24.2,28.8,29.9,FALSE
Cabarrus,2010,0.41,1.51,10.38,58.02,5.16,65.16,33.68,25.27,6.44,4.93,9.6,37025,20.64,28.5,NA,FALSE
Cabarrus,2011,0.41,1.64,10.62,57.89,5.14,65.41,33.37,25.66,6.57,4.96,9.3,37025,21.6,29.8,NA,FALSE
Cabarrus,2012,0.43,1.73,10.86,57.74,5.17,65.59,33.03,25.81,6.95,4.96,9.3,37025,19.9,31,23.1,FALSE
Cabarrus,2013,0.43,1.87,11.17,57.62,5.14,65.95,32.84,26.01,7.26,4.98,9.3,37025,19.9,31,23.1,FALSE
Cabarrus,2014,0.44,2.04,11.52,57.34,5.19,66.16,32.76,26.11,7.48,5,9.1,37025,19.3,30.9,23.6,FALSE
Caldwell,2010,0.37,0.43,3.61,70.63,2.54,72.5,30.35,29.15,9.16,6.38,10.1,37027,25.18,29.9,NA,FALSE
Caldwell,2011,0.38,0.46,3.65,71.16,2.61,73.04,30.14,29.5,9.48,6.53,11.1,37027,25.8,30.8,NA,FALSE
Caldwell,2012,0.38,0.48,3.66,71.61,2.66,73.48,29.93,29.46,10.03,6.72,12.1,37027,26.7,30.3,27.5,FALSE
Caldwell,2013,0.39,0.49,3.65,71.95,2.73,73.76,29.66,29.41,10.46,6.95,12.1,37027,24.4,30.3,27.5,FALSE
Caldwell,2014,0.4,0.51,3.7,72.31,2.81,74.11,29.22,29.68,10.92,7.1,11.6,37027,22.5,29.5,28.6,FALSE
Camden,2010,0.25,1.22,10.09,60.72,1.25,71.03,29.97,29.27,7.79,5.24,9.8,37029,NA,31.8,NA,TRUE
Camden,2011,0.27,1.25,10.19,60.88,1.48,71.11,29.27,29.77,8.14,5.41,9.8,37029,19.3,31.6,NA,TRUE
Camden,2012,0.31,1.41,10.06,61.3,1.4,71.68,29.1,30.01,8.5,5.47,9.9,37029,19.1,32.3,25.9,TRUE
Camden,2013,0.31,1.58,10.18,61.59,1.4,72.25,29.6,29.59,8.86,5.61,9.6,37029,NA,32.3,25.9,TRUE
Camden,2014,0.37,1.58,10.01,61.84,1.57,72.23,29.33,29.6,9.17,5.7,10.1,37029,17.2,30.2,24.1,TRUE
Carteret,2010,0.45,0.85,4.71,73.1,2.1,77.01,27.96,32.04,11.15,7.97,9.2,37031,26.18,27.3,NA,TRUE
Carteret,2011,0.48,0.91,4.73,73.08,2.18,77.01,27.96,31.72,11.39,8.13,9.3,37031,26.3,28.7,NA,TRUE
Carteret,2012,0.48,1,4.8,73.02,2.21,77.1,27.87,31.07,12.17,8.2,8.7,37031,24.3,28.1,28.7,TRUE
Carteret,2013,0.48,1.02,4.79,73.25,2.35,77.19,27.8,30.69,12.73,8.32,8.2,37031,22.2,28.1,28.7,TRUE
Carteret,2014,0.49,1.04,4.84,73.45,2.46,77.36,27.47,30.5,13.21,8.64,8.3,37031,21.4,29,30.4,TRUE
Caswell,2010,0.35,0.22,27,49.79,1.92,75.44,29.12,32.23,9.52,6.49,11.8,37033,35.07,30.1,NA,TRUE
Caswell,2011,0.37,0.23,27.17,50.24,1.93,76.09,28.92,32.36,9.86,6.88,11,37033,34.8,30.2,NA,TRUE
Caswell,2012,0.41,0.28,27.28,50.66,2.02,76.6,28.8,32.15,10.5,7.16,10.8,37033,30.3,31,29,TRUE
Caswell,2013,0.44,0.31,27.17,50.89,2.06,76.75,29.03,31.64,10.88,7.25,10.9,37033,NA,31,29,TRUE
Caswell,2014,0.48,0.36,27.13,50.95,2.18,76.74,28.56,31.24,11.61,7.52,10.6,37033,35.8,32.5,27.9,TRUE
Catawba,2010,0.33,2.16,6.16,65.08,4.8,68.93,31.48,28.03,8.07,6.14,9.1,37035,20.1,26.4,NA,FALSE
Catawba,2011,0.33,2.29,6.23,65.24,4.71,69.39,31.16,28.34,8.33,6.27,10.2,37035,21.2,27.2,NA,FALSE
Catawba,2012,0.34,2.38,6.34,65.32,4.75,69.62,30.86,28.2,8.99,6.32,11.9,37035,22,26.5,26.7,FALSE
Catawba,2013,0.32,2.52,6.47,65.18,4.76,69.73,30.53,28.16,9.41,6.38,11.9,37035,21.5,26.5,26.7,FALSE
Catawba,2014,0.33,2.62,6.53,65.21,4.87,69.81,30.24,28.19,9.73,6.53,11.2,37035,22.5,28.4,28.4,FALSE
Chatham,2010,0.82,0.97,10.6,63.94,7.28,69.05,28.02,29.81,9.98,8.52,8,37037,23.38,24.6,NA,FALSE
Chatham,2011,0.82,1,10.6,64.22,7.13,69.5,27.23,30.1,10.57,8.73,8.3,37037,22.1,25.9,NA,FALSE
Chatham,2012,0.85,1.06,10.66,64.36,7.12,69.82,26.67,29.92,11.5,8.85,8.7,37037,20,24.8,22.3,FALSE
Chatham,2013,0.84,1.18,10.6,64.64,7.06,70.2,26.2,29.74,12.25,9.06,9.3,37037,20.4,24.8,22.3,FALSE
Chatham,2014,0.84,1.43,10.41,64.78,6.99,70.47,26.02,29.55,12.72,9.16,8.9,37037,20.4,25.7,21.2,FALSE
Cherokee,2010,1.27,0.4,1.15,76,1.51,77.31,24.57,31.16,14,9.09,10.5,37039,28.38,24.7,NA,TRUE
Cherokee,2011,1.3,0.42,1.16,76.38,1.53,77.73,24.26,31.11,14.54,9.35,10.5,37039,24.8,25.2,NA,TRUE
Cherokee,2012,1.34,0.41,1.12,76.78,1.64,78.02,23.98,30.53,15.4,9.75,11.1,37039,24.1,26.7,27.5,TRUE
Cherokee,2013,1.39,0.44,1.14,76.93,1.7,78.19,23.94,30.12,15.88,9.95,9.7,37039,23.4,26.7,27.5,TRUE
Cherokee,2014,1.41,0.45,1.17,77.34,1.71,78.66,23.78,29.68,16.58,10.34,8.9,37039,25.1,27.5,30.1,TRUE
Chowan,2010,0.28,0.47,24.7,50.13,1.94,73.65,25.74,30.13,10.79,8.94,11.2,37041,26.08,30.2,NA,TRUE
Chowan,2011,0.29,0.62,24.84,50.21,1.92,74.03,25.89,30.07,10.85,9.14,11.3,37041,28,30,NA,TRUE
Chowan,2012,0.29,0.81,25.02,50.23,1.83,74.53,25.76,29.72,11.53,9.34,11,37041,NA,30.1,29.5,TRUE
Chowan,2013,0.29,0.8,25.22,50.17,1.86,74.63,25.92,29.15,12.03,9.39,10.4,37041,NA,30.1,29.5,TRUE
Chowan,2014,0.32,0.81,25.13,50.57,1.84,75,25.72,28.91,12.64,9.56,11.2,37041,29.9,30,29.2,TRUE
Clay,2010,0.27,0.21,0.63,78.38,1.5,78,23.84,31.85,13.68,10.12,8.3,37043,24.25,24.6,NA,TRUE
Clay,2011,0.3,0.22,0.79,78.22,1.52,78.01,23.85,31.12,14.21,10.35,8.3,37043,23.6,25.4,NA,TRUE
Clay,2012,0.31,0.24,0.81,78.27,1.6,78.04,23.49,30.49,15.33,10.32,9.2,37043,23,25.1,24.3,TRUE
Clay,2013,0.33,0.24,0.83,78.49,1.64,78.25,23.07,29.63,16.64,10.55,9.5,37043,24.5,25.1,24.3,TRUE
Clay,2014,0.35,0.21,0.99,78.73,1.7,78.58,23.1,29.16,17.18,10.85,8.9,37043,20.7,25.8,29.2,TRUE
Cleveland,2010,0.22,0.66,14.41,58.32,1.59,72.01,30.07,28.51,8.57,6.46,11.9,37045,25.21,29.7,NA,TRUE
Cleveland,2011,0.23,0.67,14.53,58.63,1.65,72.41,29.88,28.78,8.82,6.59,10.9,37045,23.6,31.9,NA,TRUE
Cleveland,2012,0.23,0.71,14.56,58.85,1.69,72.66,29.67,28.62,9.39,6.66,10.5,37045,23.9,32.3,30,TRUE
Cleveland,2013,0.24,0.74,14.74,59.04,1.69,73.07,29.66,28.48,9.83,6.8,10.6,37045,24.8,32.3,30,TRUE
Cleveland,2014,0.24,0.78,14.97,59.03,1.71,73.31,29.61,28.29,10.24,6.89,11.2,37045,24.3,30.2,31.3,TRUE
Columbus,2010,2.45,0.29,22.56,49.07,2.56,71.81,30.82,28.23,9,6.32,11.6,37047,27.26,31.7,NA,TRUE
Columbus,2011,2.55,0.32,22.71,49.2,2.55,72.24,30.76,28.25,9.24,6.54,12,37047,27.3,33,NA,TRUE
Columbus,2012,2.56,0.35,22.78,49.48,2.58,72.58,30.62,27.89,9.82,6.83,12.9,37047,25.2,33.8,28.7,TRUE
Columbus,2013,2.59,0.4,22.86,49.54,2.56,72.83,30.42,27.73,10.28,6.96,13.8,37047,24.4,33.8,28.7,TRUE
Columbus,2014,2.63,0.44,23.01,49.47,2.6,72.96,30.26,27.48,10.61,7.21,13.1,37047,23,32.1,28.3,TRUE
Craven,2010,0.45,1.7,16.04,55.79,3.67,70.31,33.82,24.91,8.43,6.81,11.2,37049,21.45,30.3,NA,FALSE
Craven,2011,0.48,1.73,15.81,56.09,3.88,70.23,34.19,24.57,8.5,6.86,10,37049,19.6,29.9,NA,FALSE
Craven,2012,0.51,1.82,15.71,56.42,4.08,70.38,34.8,23.8,8.87,6.99,9.7,37049,20.1,33.7,27,FALSE
Craven,2013,0.5,1.92,15.83,56.53,4.26,70.52,34.82,23.55,9.24,7.17,9.4,37049,23.9,33.7,27,FALSE
Craven,2014,0.52,1.98,15.89,56.63,4.41,70.61,34.81,23.32,9.6,7.28,11.6,37049,22.1,31.9,29.4,FALSE
Cumberland,2010,1.34,2.34,25.77,41.01,5.79,64.68,39.02,22.16,5.4,3.88,12.6,37051,26.39,31.1,NA,FALSE
Cumberland,2011,1.34,2.39,25.89,41.02,6.13,64.5,39.14,22.08,5.46,3.95,11.7,37051,26,32.5,NA,FALSE
Cumberland,2012,1.34,2.48,26.29,40.97,6.38,64.7,39.22,22.02,5.79,4.05,12.1,37051,24.4,33.2,29.5,FALSE
Cumberland,2013,1.36,2.56,26.59,41.04,6.74,64.82,39.66,21.78,5.97,4.15,12.6,37051,23.4,33.2,29.5,FALSE
Cumberland,2014,1.37,2.61,27.08,40.73,6.9,64.89,39.57,21.73,6.22,4.27,12.6,37051,22.1,33.8,30.3,FALSE
Currituck,2010,0.38,0.62,4.46,68.68,1.75,72.38,29.75,31.38,8.13,4.87,10,37053,36.74,27.2,NA,FALSE
Currituck,2011,0.39,0.63,4.45,69.05,1.86,72.66,29.31,31.92,8.27,5.03,9.4,37053,34.1,29.1,NA,FALSE
Currituck,2012,0.41,0.65,4.4,69.42,2.04,72.84,29.13,31.76,8.84,5.15,9.4,37053,NA,32.6,24.2,FALSE
Currituck,2013,0.45,0.66,4.48,69.78,2.02,73.34,29.16,31.74,9.18,5.29,9.2,37053,NA,32.6,24.2,FALSE
Currituck,2014,0.48,0.73,4.48,69.76,2.21,73.23,29.1,31.61,9.52,5.21,9.6,37053,26.4,29.2,25.9,FALSE
Dare,2010,0.35,0.54,2.12,75.18,4.22,73.98,30.04,32.85,9.43,5.88,8.7,37055,29.45,24.3,NA,TRUE
Dare,2011,0.37,0.56,2.1,75.07,4.19,73.91,29.49,32.79,9.87,5.94,8,37055,33.6,25.1,NA,TRUE
Dare,2012,0.39,0.56,2.18,75.05,4.2,73.98,29.08,32.27,10.62,6.2,8.7,37055,NA,28.6,24.9,TRUE
Dare,2013,0.39,0.55,2.25,75.14,4.15,74.18,28.7,32.02,11.21,6.41,8.1,37055,NA,28.6,24.9,TRUE
Dare,2014,0.39,0.6,2.33,75.25,4.08,74.49,28.01,32.09,11.81,6.66,7.8,37055,30.9,28.1,26.6,TRUE
Davidson,2010,0.5,0.94,6.47,66.01,3.57,70.35,30.9,28.57,8.38,6.06,9.9,37057,26.36,30.1,NA,FALSE
Davidson,2011,0.51,0.95,6.58,66.23,3.5,70.78,30.55,28.95,8.54,6.24,9.9,37057,24.7,29.9,NA,FALSE
Davidson,2012,0.51,0.97,6.67,66.45,3.48,71.13,30.2,28.87,9.12,6.41,10.4,37057,25.3,29.2,30,FALSE
Davidson,2013,0.53,1.02,6.82,66.56,3.56,71.37,29.95,28.83,9.56,6.59,9.5,37057,24.9,29.2,30,FALSE
Davidson,2014,0.56,1.07,6.94,66.57,3.62,71.52,29.52,28.96,9.91,6.74,9.5,37057,25.7,29,32.3,FALSE
Davie,2010,0.35,0.47,4.95,68.45,3.35,70.86,27.7,29.87,9.31,7.34,10,37059,28.66,27.9,NA,FALSE
Davie,2011,0.36,0.49,4.9,68.93,3.54,71.14,27.5,30.08,9.5,7.6,9.7,37059,28,27.8,NA,FALSE
Davie,2012,0.37,0.47,4.95,69.45,3.48,71.74,27.24,29.95,10.11,7.92,9.8,37059,26.8,28.5,28.9,FALSE
Davie,2013,0.38,0.49,4.88,69.86,3.47,72.14,27.03,29.97,10.49,8.11,8.8,37059,24.7,28.5,28.9,FALSE
Davie,2014,0.4,0.51,4.95,70.08,3.55,72.38,26.64,30.05,10.87,8.36,9.4,37059,22.5,28.1,26.1,FALSE
Duplin,2010,0.83,0.57,19.34,51.39,11.41,60.73,31.4,26.47,8.05,6.21,12.7,37061,21.44,31.1,NA,TRUE
Duplin,2011,0.83,0.6,19.57,51.58,11.45,61.13,31.31,26.74,8.18,6.36,12,37061,18.5,31.8,NA,TRUE
Duplin,2012,0.84,0.6,19.7,51.55,11.48,61.2,30.81,26.7,8.66,6.51,11.2,37061,18.9,34.5,33.8,TRUE
Duplin,2013,0.83,0.66,19.75,51.6,11.37,61.47,30.37,26.66,9.11,6.7,12.1,37061,19.9,34.5,33.8,TRUE
Duplin,2014,0.84,0.66,19.62,51.77,11.64,61.25,30.18,26.34,9.53,6.85,12.8,37061,20.4,36.1,33.7,TRUE
Durham,2010,0.73,3.83,27.81,42.01,8.42,65.95,41.15,23.46,5.28,4.49,10,37063,18.95,27.6,NA,FALSE
Durham,2011,0.69,3.82,28.17,41.7,8.16,66.22,40.73,23.7,5.46,4.48,9.8,37063,15.9,29.2,NA,FALSE
Durham,2012,0.69,3.85,28.34,41.62,8.06,66.43,40.37,23.74,5.88,4.51,9.9,37063,15.5,30.3,20.3,FALSE
Durham,2013,0.68,3.9,28.47,41.63,7.96,66.72,40.19,23.78,6.21,4.51,9.1,37063,14.6,30.3,20.3,FALSE
Durham,2014,0.66,3.98,28.63,41.6,7.81,67.07,39.94,23.8,6.6,4.53,8.3,37063,13.6,29.4,20.3,FALSE
Edgecombe,2010,0.35,0.22,40.74,31.64,2.08,70.87,29.61,28.93,8.11,6.31,12.8,37065,29.58,37.8,NA,FALSE
Edgecombe,2011,0.38,0.25,41.33,31.51,2.07,71.4,29.49,29.05,8.42,6.52,13.5,37065,28.1,37.2,NA,FALSE
Edgecombe,2012,0.4,0.26,41.57,31.3,2.1,71.44,29.32,28.56,8.94,6.72,13.8,37065,27.8,40.2,30.8,FALSE
Edgecombe,2013,0.44,0.22,42.05,31.41,2.15,71.96,29.46,28.41,9.32,6.93,14.1,37065,21.4,40.2,30.8,FALSE
Edgecombe,2014,0.47,0.23,42.63,31.3,2.16,72.47,29.46,28.25,9.78,7.15,13.8,37065,20.9,37,29,FALSE
Forsyth,2010,0.54,1.48,18.88,51.71,6.59,66.01,33.16,26.42,6.95,6.08,9.4,37067,22.08,24.7,NA,FALSE
Forsyth,2011,0.54,1.54,19.02,51.6,6.51,66.2,32.84,26.66,7.08,6.14,9.3,37067,21.5,25,NA,FALSE
Forsyth,2012,0.56,1.6,19.13,51.72,6.52,66.48,32.69,26.59,7.57,6.16,9.6,37067,20.8,25.6,21.3,FALSE
Forsyth,2013,0.56,1.67,19.34,51.63,6.5,66.69,32.48,26.56,7.94,6.2,10.2,37067,20,25.6,21.3,FALSE
Forsyth,2014,0.55,1.74,19.48,51.54,6.51,66.81,32.3,26.52,8.26,6.24,10.7,37067,19.7,26,21.7,FALSE
Franklin,2010,0.59,0.47,19.83,51.96,4.35,68.5,31.53,28.56,7.57,5.19,9.6,37069,24.17,29.8,NA,FALSE
Franklin,2011,0.61,0.5,19.91,52.09,4.29,68.82,31.02,28.95,7.78,5.36,10,37069,25.7,31.4,NA,FALSE
Franklin,2012,0.6,0.5,20.04,52.39,4.22,69.32,30.77,28.94,8.3,5.53,11.8,37069,27.2,34.6,28.5,FALSE
Franklin,2013,0.6,0.54,20.29,52.43,4.27,69.58,30.39,29.02,8.68,5.76,12.3,37069,26.4,34.6,28.5,FALSE
Franklin,2014,0.64,0.55,20.23,52.78,4.27,69.93,30.19,28.99,9.19,5.84,12.3,37069,26.7,33.4,28.6,FALSE
Gaston,2010,0.41,0.98,10.52,61.65,3.49,70.06,32.66,27.58,7.47,5.84,11.4,37071,27.91,28.6,NA,FALSE
Gaston,2011,0.41,1.02,10.68,61.75,3.46,70.4,32.46,27.81,7.65,5.93,12.7,37071,27.5,27.2,NA,FALSE
Gaston,2012,0.43,1.05,10.83,61.78,3.5,70.59,32.21,27.71,8.16,6.01,13.4,37071,26.7,26.4,29,FALSE
Gaston,2013,0.43,1.13,11.03,61.79,3.58,70.8,32.01,27.69,8.58,6.1,12.4,37071,26.5,26.4,29,FALSE
Gaston,2014,0.43,1.16,11.27,61.77,3.67,70.98,31.88,27.72,8.88,6.16,11.2,37071,25.8,27.3,28.6,FALSE
Gates,2010,0.48,0.21,24.96,48.28,0.94,72.99,28.24,30.65,8.89,6.15,11.4,37073,14.29,33.4,NA,FALSE
Gates,2011,0.5,0.22,25.25,48.66,0.99,73.64,27.97,31.11,9.27,6.27,10.7,37073,15.1,33.5,NA,FALSE
Gates,2012,0.48,0.24,25.63,49.05,1.03,74.38,27.39,31.53,10.05,6.43,10.4,37073,11,34.8,30.4,FALSE
Gates,2013,0.47,0.26,25.8,49.35,1.07,74.81,26.86,31.64,10.47,6.9,10.5,37073,12.2,34.8,30.4,FALSE
Gates,2014,0.51,0.23,26.13,49.7,1.16,75.41,26.67,31.65,10.92,7.33,10.7,37073,NA,32.8,30.7,FALSE
Graham,2010,3.98,0.32,0.35,71.5,1.2,74.95,27.15,29.29,11.18,8.54,9.9,37075,NA,28.8,NA,TRUE
Graham,2011,4.06,0.33,0.3,71.74,1.41,75.02,26.94,29.37,11.34,8.77,9.8,37075,NA,28.8,NA,TRUE
Graham,2012,4.27,0.34,0.37,71.74,1.52,75.2,27.09,28.75,11.81,9.07,9.5,37075,NA,27.7,27.5,TRUE
Graham,2013,4.35,0.37,0.44,71.52,1.5,75.17,26.63,28.52,12.48,9.04,9.5,37075,22.8,27.7,27.5,TRUE
Graham,2014,4.5,0.37,0.44,71.37,1.9,74.78,26.52,28.01,12.79,9.36,9.3,37075,22.4,29.5,27.7,TRUE
Granville,2010,0.52,0.54,24.26,48.77,4.08,70.02,32.27,28.98,7.51,5.34,11.6,37077,27.24,36.1,NA,TRUE
Granville,2011,0.52,0.54,24.37,49.22,4.13,70.52,31.7,29.61,7.85,5.48,11.1,37077,26.9,33.3,NA,TRUE
Granville,2012,0.54,0.54,24.53,49.51,4.2,70.91,31.34,29.77,8.31,5.69,12.1,37077,26.1,32.1,26.7,TRUE
Granville,2013,0.55,0.57,24.78,49.96,4.26,71.61,31.24,30.07,8.72,5.84,10.7,37077,22.5,32.1,26.7,TRUE
Granville,2014,0.57,0.57,24.95,50.02,4.27,71.84,30.91,30.08,9.19,5.93,10.8,37077,22.8,30.2,29.7,TRUE
Greene,2010,1.29,0.34,27.88,44.87,8.17,66.22,33.96,27.77,7.05,5.6,11,37079,12.04,33.9,NA,TRUE
Greene,2011,1.34,0.37,27.97,45.2,8.13,66.76,34.27,27.82,7.11,5.69,11.5,37079,10.9,32.2,NA,TRUE
Greene,2012,1.39,0.37,28.38,45.36,8.19,67.32,33.87,28.05,7.67,5.92,11.8,37079,11.2,33.5,29.4,TRUE
Greene,2013,1.38,0.4,28.46,45.58,8.36,67.45,33.65,27.94,8.1,6.12,11.6,37079,12.7,33.5,29.4,TRUE
Greene,2014,1.43,0.43,29.13,45.51,8.14,68.35,33.59,28.21,8.42,6.28,11.1,37079,NA,31.8,27.9,TRUE
Guilford,2010,0.52,2.85,23.13,46.56,4.18,68.88,34.95,25.73,6.64,5.74,9.7,37081,20.27,27.8,NA,FALSE
Guilford,2011,0.52,2.98,23.5,46.41,4.2,69.21,34.84,25.99,6.82,5.76,9.3,37081,19.5,27.9,NA,FALSE
Guilford,2012,0.52,3.1,23.83,46.19,4.22,69.41,34.65,25.92,7.27,5.79,9.1,37081,18.4,28.2,23.2,FALSE
Guilford,2013,0.52,3.23,24.14,45.91,4.24,69.55,34.43,25.94,7.61,5.82,9.7,37081,18,28.2,23.2,FALSE
Guilford,2014,0.52,3.34,24.42,45.62,4.28,69.62,34.15,25.93,7.94,5.89,9.7,37081,16.7,27.4,23.5,FALSE
Halifax,2010,2.79,0.57,38.71,32.28,1.27,73.08,28.54,29.59,8.77,7.44,13.7,37083,19.69,34.1,NA,TRUE
Halifax,2011,2.83,0.59,38.97,32.3,1.3,73.39,28.51,29.71,8.89,7.58,12.8,37083,21.5,36.9,NA,TRUE
Halifax,2012,2.88,0.58,39.35,32.42,1.37,73.86,28.61,29.52,9.43,7.66,12.6,37083,21.6,38.5,34.3,TRUE
Halifax,2013,2.93,0.58,39.87,32.35,1.4,74.33,28.72,29.31,9.91,7.78,11.4,37083,22.8,38.5,34.3,TRUE
Halifax,2014,2.93,0.58,40.2,32.37,1.45,74.63,28.84,29.08,10.27,7.89,12.3,37083,21.3,37.9,33.9,TRUE
Harnett,2010,1.23,0.9,14.42,52.52,5.83,63.24,35.57,23.12,6.14,4.25,11.2,37085,26.83,29.5,NA,TRUE
Harnett,2011,1.18,0.94,14.61,52.6,6.01,63.33,35.82,23.09,6.16,4.27,10.2,37085,27.4,31.7,NA,TRUE
Harnett,2012,1.17,1.01,14.94,52.53,6.08,63.58,35.93,22.96,6.46,4.3,11.6,37085,28,31.9,27.4,TRUE
Harnett,2013,1.17,1.07,15.16,52.34,6.28,63.45,35.98,22.77,6.64,4.33,10.7,37085,27.3,31.9,27.4,TRUE
Harnett,2014,1.18,1.1,15.29,52.44,6.43,63.58,35.75,23.03,6.83,4.4,11.1,37085,25.7,33.1,28.6,TRUE
Haywood,2010,0.41,0.32,0.96,76.73,1.95,76.47,27.29,29.98,11.84,9.32,8.3,37087,26.72,28.3,NA,FALSE
Haywood,2011,0.42,0.32,0.91,77.23,1.95,76.94,27.21,30.12,12.01,9.54,8.8,37087,25.9,28.7,NA,FALSE
Haywood,2012,0.42,0.33,0.91,77.5,1.97,77.19,27.06,29.84,12.55,9.72,9.7,37087,23.9,28.1,24.2,FALSE
Haywood,2013,0.43,0.37,0.95,77.77,1.99,77.53,27,29.54,13,9.97,9.7,37087,25.6,28.1,24.2,FALSE
Haywood,2014,0.44,0.38,0.95,77.98,2.04,77.72,26.95,29.22,13.42,10.16,8.8,37087,26.1,25.9,21.6,FALSE
Henderson,2010,0.43,0.87,2.31,73.99,5.68,71.92,27.04,28.14,11.72,10.71,7.6,37089,20.33,25.8,NA,FALSE
Henderson,2011,0.45,0.92,2.37,74,5.68,72.06,26.95,28.16,11.88,10.75,8.3,37089,20,25.1,NA,FALSE
Henderson,2012,0.46,0.94,2.39,74.18,5.59,72.38,26.69,27.91,12.52,10.85,8.4,37089,19.7,23.6,23.4,FALSE
Henderson,2013,0.48,1,2.44,74.32,5.56,72.68,26.58,27.79,13.01,10.87,7.5,37089,18.5,23.6,23.4,FALSE
Henderson,2014,0.49,1.01,2.44,74.52,5.59,72.87,26.32,27.8,13.45,10.89,6.9,37089,17.4,21.9,23.5,FALSE
Hertford,2010,0.96,0.5,44.11,29.52,2.07,73.02,30.02,29.25,8.77,7.05,12.3,37091,21.82,34.3,NA,TRUE
Hertford,2011,1.06,0.5,44.21,29.42,2.26,72.93,29.95,29.21,8.9,7.13,12.1,37091,23.5,34,NA,TRUE
Hertford,2012,1.06,0.52,44.7,29.41,2.33,73.36,30.11,29.09,9.15,7.34,12.3,37091,24.3,35.4,34.5,TRUE
Hertford,2013,1.08,0.52,44.78,29.73,2.4,73.72,30.23,28.96,9.31,7.62,12.2,37091,21.9,35.4,34.5,TRUE
Hertford,2014,1.12,0.59,44.85,29.55,2.53,73.58,30.3,28.42,9.76,7.62,13.5,37091,26.5,34.1,33.6,TRUE
Hoke,2010,6.81,1.22,23.78,35.74,6.87,60.67,38.56,21.58,4.51,2.9,12.5,37093,33.63,32.7,NA,FALSE
Hoke,2011,6.74,1.33,23.93,36.09,6.94,61.15,39.16,21.5,4.57,2.85,13.3,37093,25.1,31.7,NA,FALSE
Hoke,2012,6.62,1.33,24.35,36.06,6.69,61.68,39.07,21.55,4.87,2.87,12.8,37093,22.6,33.6,28.7,FALSE
Hoke,2013,6.68,1.43,24.59,36.27,6.78,62.19,39.22,21.65,5.19,2.91,13.4,37093,20.1,33.6,28.7,FALSE
Hoke,2014,6.7,1.39,25.09,36.07,7.01,62.25,38.88,21.93,5.43,3.01,10.9,37093,20.1,33.1,30.1,FALSE
Hyde,2010,0.5,0.26,26.36,52.31,4.46,74.98,34.4,30.03,8.26,6.75,11,37095,NA,31.2,NA,TRUE
Hyde,2011,0.52,0.28,26.54,52.4,4.52,75.22,34.72,29.84,8.43,6.74,10.8,37095,NA,30.8,NA,TRUE
Hyde,2012,0.53,0.39,25.26,53.49,4.31,75.36,33.45,30.06,9.09,7.07,11,37095,NA,32.2,30.8,TRUE
Hyde,2013,0.57,0.55,25.34,53.7,4.44,75.72,33.22,30.26,9.48,7.2,10.4,37095,NA,32.2,30.8,TRUE
Hyde,2014,0.61,0.59,25.09,54.25,4.5,76.04,33.12,30.21,9.8,7.39,10.7,37095,NA,31.5,28.6,TRUE
Iredell,2010,0.37,1.34,8.45,61.98,3.92,68.22,31.53,27.73,7.47,5.4,8.1,37097,26.39,26.8,NA,FALSE
Iredell,2011,0.37,1.53,8.56,62.16,3.98,68.64,31.35,28.15,7.59,5.52,8.3,37097,23.2,26.5,NA,FALSE
Iredell,2012,0.38,1.66,8.64,62.37,4.05,69,31.2,28.14,8.12,5.59,8.7,37097,22.4,28.4,25.3,FALSE
Iredell,2013,0.39,1.79,8.69,62.59,4.13,69.32,31.12,28.2,8.47,5.68,9.3,37097,21,28.4,25.3,FALSE
Iredell,2014,0.4,1.8,8.69,62.92,4.22,69.59,30.92,28.32,8.82,5.75,10,37097,19.7,27.9,23.9,FALSE
Jackson,2010,6.59,0.71,1.58,66.91,2.99,72.79,35.15,25.44,9.16,6.03,11.7,37099,27.83,28,NA,TRUE
Jackson,2011,6.78,0.74,1.53,67.2,3.04,73.21,34.93,25.57,9.55,6.2,12.4,37099,26.1,29.7,NA,TRUE
Jackson,2012,6.78,0.71,1.55,67.02,2.95,73.11,34.38,25.05,10.31,6.32,12.3,37099,26,33.1,24.7,TRUE
Jackson,2013,6.78,0.72,1.57,67.16,2.93,73.3,34.35,24.78,10.68,6.44,10.5,37099,24.2,33.1,24.7,TRUE
Jackson,2014,6.77,0.75,1.55,67.59,2.89,73.77,34.08,24.62,11.19,6.77,9.6,37099,22.2,32.8,25,TRUE
Johnston,2010,0.6,0.57,10.7,58.04,7.16,62.75,34.09,25.52,6.33,3.96,11.4,37101,25.24,31.9,NA,FALSE
Johnston,2011,0.59,0.57,10.85,58.15,7.13,63.02,33.59,25.95,6.53,4.08,12.5,37101,25.4,33.1,NA,FALSE
Johnston,2012,0.59,0.59,10.96,58.47,7.19,63.43,33.29,26.12,7.03,4.17,11.9,37101,24,34.4,27.7,FALSE
Johnston,2013,0.59,0.61,11.24,58.47,7.13,63.77,32.82,26.39,7.41,4.28,13.2,37101,24,34.4,27.7,FALSE
Johnston,2014,0.6,0.65,11.39,58.6,7.23,64.01,32.48,26.64,7.72,4.4,12.2,37101,25.4,33.4,27.8,FALSE
Jones,2010,0.52,0.33,24.36,50.81,2.33,73.7,27.11,31.64,9.58,7.69,12.5,37103,NA,31.8,NA,FALSE
Jones,2011,0.62,0.36,24.59,51.54,2.63,74.47,27.71,31.75,9.76,7.88,12.9,37103,NA,31.9,NA,FALSE
Jones,2012,0.63,0.39,24.57,52.08,2.48,75.18,28,31.23,10.27,8.16,12.4,37103,31.2,34.7,32.9,FALSE
Jones,2013,0.64,0.44,24.79,52.17,2.46,75.59,27.87,30.87,11.03,8.27,11.9,37103,NA,34.7,32.9,FALSE
Jones,2014,0.63,0.44,24.75,52.9,2.83,75.88,27.75,31.03,11.59,8.33,12,37103,44.2,34.1,33.1,FALSE
Lee,2010,0.82,0.82,14.36,55.96,10.29,61.67,32.16,26.02,7.59,6.19,10,37105,24.66,28.7,NA,TRUE
Lee,2011,0.8,0.84,14.44,55.84,10.24,61.68,32,26.12,7.72,6.07,10.6,37105,21.9,28.8,NA,TRUE
Lee,2012,0.84,0.87,14.37,55.56,10.6,61.05,31.55,25.94,8.07,6.07,12.4,37105,22.2,30,24.2,TRUE
Lee,2013,0.85,0.89,14.37,55.68,10.77,61.02,31.6,25.71,8.33,6.15,12.2,37105,22.1,30,24.2,TRUE
Lee,2014,0.89,0.96,14.61,55.98,10.76,61.67,31.53,25.88,8.74,6.28,12.2,37105,20,29.2,26.3,TRUE
Lenoir,2010,0.43,0.47,28.93,43.65,3.77,69.69,28.21,29.2,8.74,7.32,12.7,37107,24.76,32.5,NA,TRUE
Lenoir,2011,0.45,0.52,29.05,43.73,3.72,70.02,28.2,29.13,8.91,7.5,12.9,37107,24.1,32.6,NA,TRUE
Lenoir,2012,0.44,0.58,29.24,43.75,3.65,70.36,28.12,28.95,9.36,7.58,12.5,37107,21.5,32.4,34.4,TRUE
Lenoir,2013,0.45,0.62,29.67,43.65,3.71,70.69,28.19,28.73,9.81,7.66,13.2,37107,17.7,32.4,34.4,TRUE
Lenoir,2014,0.48,0.65,30.03,43.7,4,70.85,28.36,28.56,10.14,7.79,13.2,37107,16.1,34.2,35.6,TRUE
Lincoln,2010,0.28,0.46,4.15,69.23,4.04,70.08,31.09,29.69,8.15,5.18,9.4,37109,24.12,28.4,NA,FALSE
Lincoln,2011,0.28,0.48,4.15,69.69,4.08,70.52,30.73,30.06,8.45,5.37,9.6,37109,21.5,26.8,NA,FALSE
Lincoln,2012,0.28,0.5,4.3,69.99,4.15,70.91,30.4,29.89,9.24,5.54,10.1,37109,19.9,27.5,23.5,FALSE
Lincoln,2013,0.31,0.52,4.33,70.39,4.21,71.34,30.12,29.97,9.77,5.68,9.9,37109,19.4,27.5,23.5,FALSE
Lincoln,2014,0.3,0.51,4.31,70.75,4.27,71.61,29.75,30.1,10.12,5.91,10.4,37109,17.3,27.9,25.5,FALSE
Macon,2010,0.43,0.47,1.03,76.68,3.9,74.71,24.79,29.83,13.3,10.7,8,37113,19.2,27.7,NA,TRUE
Macon,2011,0.46,0.5,1.02,76.79,3.72,75.04,24.57,29.72,13.63,10.84,7.6,37113,20.1,27.1,NA,TRUE
Macon,2012,0.47,0.5,1.08,76.88,3.56,75.36,24.5,29.06,14.38,10.98,8.3,37113,19.6,25.4,25.1,TRUE
Macon,2013,0.47,0.58,1.16,76.83,3.46,75.58,24.41,28.65,14.83,11.16,8.6,37113,21.7,25.4,25.1,TRUE
Macon,2014,0.48,0.68,1.12,76.76,3.39,75.65,24.32,28.18,15.17,11.38,9.4,37113,20.9,24.5,25.5,TRUE
Madison,2010,0.2,0.24,0.91,75.56,1.18,75.73,29.04,30.16,10.02,7.7,9.2,37115,32.21,26.5,NA,FALSE
Madison,2011,0.21,0.26,1,75.55,1.18,75.84,28.97,30.11,10.16,7.78,9.4,37115,30.3,26.3,NA,FALSE
Madison,2012,0.22,0.27,1.13,75.62,1.3,75.95,28.72,29.56,10.93,8.04,8.6,37115,27.3,28.4,22.4,FALSE
Madison,2013,0.28,0.3,1.2,75.24,1.41,75.62,28.7,28.95,11.28,8.09,8.7,37115,26.1,28.4,22.4,FALSE
Madison,2014,0.31,0.33,1.18,75.37,1.45,75.73,28.8,28.39,11.89,8.09,8.9,37115,22.4,30,26,FALSE
Martin,2010,0.32,0.33,31.72,42.96,1.88,73.45,26.59,31.11,9.9,7.73,12.4,37117,22.33,34.2,NA,TRUE
Martin,2011,0.31,0.35,31.96,43.38,1.94,74.06,26.4,31.33,10.23,8.04,12.6,37117,16.3,32.8,NA,TRUE
Martin,2012,0.33,0.36,32.27,43.51,1.99,74.49,26.39,30.98,10.91,8.2,13,37117,16.1,35.5,29,TRUE
Martin,2013,0.34,0.44,32.55,43.63,1.97,74.98,26.43,30.75,11.46,8.31,12.7,37117,12.9,35.5,29,TRUE
Martin,2014,0.34,0.46,32.6,43.91,1.96,75.35,26.32,30.43,11.91,8.65,11.7,37117,11.8,33.9,30.2,TRUE
McDowell,2010,0.41,0.59,3.25,71.85,2.84,73.26,30.64,28.92,9.38,7.17,NA,NA,NA,NA,NA,TRUE
McDowell,2011,0.44,0.62,3.23,72.17,2.92,73.54,30.43,29.13,9.61,7.29,NA,NA,NA,NA,NA,TRUE
McDowell,2012,0.45,0.63,3.22,72.41,2.95,73.76,30.24,29,10.1,7.37,NA,NA,NA,NA,NA,TRUE
McDowell,2013,0.46,0.66,3.31,72.64,2.93,74.14,30.05,28.96,10.46,7.6,NA,NA,NA,NA,NA,TRUE
McDowell,2014,0.47,0.68,3.32,72.77,2.9,74.33,29.61,29.03,10.87,7.72,NA,NA,NA,NA,NA,TRUE
Mecklenburg,2010,0.56,3.64,21.75,46.07,7.51,64.5,39.46,23.68,5,3.88,9,37119,17.39,24.2,NA,FALSE
Mecklenburg,2011,0.56,3.78,22.04,45.76,7.48,64.67,39.16,23.97,5.13,3.89,9.2,37119,17,25.6,NA,FALSE
Mecklenburg,2012,0.55,3.95,22.36,45.58,7.52,64.92,39,24.04,5.5,3.9,8.9,37119,15.9,25.8,19.9,FALSE
Mecklenburg,2013,0.54,4.14,22.77,45.24,7.54,65.16,38.89,24.08,5.81,3.92,9,37119,15,25.8,19.9,FALSE
Mecklenburg,2014,0.55,4.33,23.06,45.03,7.58,65.38,38.65,24.23,6.12,3.96,9.1,37119,13.8,25.5,20.6,FALSE
Mitchell,2010,0.49,0.3,0.5,77.31,2.42,76.17,27.58,30.03,11.83,9.16,9.2,37121,26.02,26.2,NA,TRUE
Mitchell,2011,0.53,0.33,0.52,77.47,2.51,76.35,27.32,30.26,11.94,9.34,10.1,37121,23,26.1,NA,TRUE
Mitchell,2012,0.57,0.38,0.53,77.68,2.62,76.54,27.19,29.94,12.6,9.43,11.3,37121,23.6,28,25.9,TRUE
Mitchell,2013,0.63,0.41,0.58,77.85,2.77,76.68,27.06,30.02,12.85,9.53,10.1,37121,23.5,28,25.9,TRUE
Mitchell,2014,0.64,0.42,0.56,78.08,2.93,76.77,26.68,29.93,13.2,9.89,9.8,37121,26,29.1,28.5,TRUE
Montgomery,2010,0.5,1.14,13.95,57.98,7.04,66.53,29.66,28.2,8.89,6.81,11.1,37123,26.59,30.8,NA,TRUE
Montgomery,2011,0.51,1.13,14,58.12,7.02,66.75,29.37,28.29,9.15,6.95,11.6,37123,25.4,30.7,NA,TRUE
Montgomery,2012,0.53,1.14,13.96,58.18,7.05,66.76,28.96,27.79,10.09,6.97,11.3,37123,23.7,32.5,28.3,TRUE
Montgomery,2013,0.58,1.05,14.05,58.44,7.21,66.9,28.78,27.67,10.61,7.06,10.5,37123,NA,32.5,28.3,TRUE
Montgomery,2014,0.61,1.06,14.15,58.71,7.26,67.27,28.56,27.67,11.04,7.25,9.5,37123,NA,31.3,27.6,TRUE
Moore,2010,0.66,0.8,9.7,65.19,3.3,73.05,26.43,27.29,11.42,11.22,8.8,37125,20.47,24.1,NA,TRUE
Moore,2011,0.67,0.88,9.74,65.3,3.27,73.31,26.51,27.32,11.51,11.24,9.6,37125,20.1,25.9,NA,TRUE
Moore,2012,0.69,0.92,9.74,65.41,3.26,73.51,26.67,26.81,12.09,11.2,9,37125,19.5,26.6,23.8,TRUE
Moore,2013,0.7,0.99,9.73,65.27,3.34,73.33,26.78,26.32,12.36,11.21,8.1,37125,16.8,26.6,23.8,TRUE
Moore,2014,0.71,1.08,9.68,65.39,3.35,73.52,27.1,26.05,12.53,11.19,8.4,37125,15.4,28.5,27.9,TRUE
Nash,2010,0.62,0.7,26.83,45.42,3.53,70.04,30.45,29.06,7.86,6.2,10.9,37127,23.15,32.3,NA,FALSE
Nash,2011,0.61,0.69,27.46,45.08,3.5,70.34,30.3,29.17,8.1,6.27,10.9,37127,23,32.1,NA,FALSE
Nash,2012,0.65,0.71,28.04,44.91,3.51,70.8,30.16,29.04,8.77,6.34,10.4,37127,22,33.4,29,FALSE
Nash,2013,0.65,0.73,28.62,44.47,3.54,70.93,29.94,28.75,9.32,6.46,11.4,37127,23.5,33.4,29,FALSE
Nash,2014,0.68,0.76,29.11,44.16,3.62,71.09,29.85,28.52,9.73,6.62,12.1,37127,22.4,33.3,30.4,FALSE
New Hanover,2010,0.49,1.09,10.64,64.45,3.32,73.36,36.88,25.84,7.75,6.2,10,37129,20,23.8,NA,FALSE
New Hanover,2011,0.48,1.14,10.62,64.56,3.23,73.56,36.72,25.89,7.98,6.2,8.8,37129,21.5,25.4,NA,FALSE
New Hanover,2012,0.47,1.22,10.57,64.71,3.23,73.74,36.59,25.56,8.54,6.28,7.9,37129,20.1,25.6,20.8,FALSE
New Hanover,2013,0.45,1.26,10.64,64.82,3.18,73.99,36.42,25.43,8.95,6.36,7.8,37129,18.3,25.6,20.8,FALSE
New Hanover,2014,0.43,1.28,10.65,65.08,3.13,74.31,36.15,25.47,9.41,6.41,7.7,37129,18,25.5,21,FALSE
Northampton,2010,0.37,0.18,43.59,32.82,0.83,76.13,26.14,31.01,10.94,8.86,11.2,37131,25.52,37.5,NA,TRUE
Northampton,2011,0.37,0.16,43.93,32.83,0.91,76.39,25.91,31.04,11.24,9.11,11.8,37131,21.6,35.6,NA,TRUE
Northampton,2012,0.4,0.19,44.32,33.1,0.99,77.03,25.37,31.07,12.11,9.46,12.2,37131,25.5,34.2,33.3,TRUE
Northampton,2013,0.46,0.21,44.86,33.07,1.04,77.56,25.37,30.75,12.77,9.71,12.6,37131,26,34.2,33.3,TRUE
Northampton,2014,0.46,0.2,45.37,33.42,1.04,78.4,25.64,30.67,13.14,9.99,11.9,37131,21.5,30.7,34.1,TRUE
Onslow,2010,0.63,2.04,11.18,56.41,6.28,63.98,46.47,16.64,4.26,2.89,10.6,37133,26.25,29.8,NA,FALSE
Onslow,2011,0.64,2.01,11.17,56.51,6.59,63.74,46.35,16.58,4.33,3.07,10.3,37133,25.3,30.6,NA,FALSE
Onslow,2012,0.67,2.03,11.36,56.77,7.06,63.78,47.36,15.97,4.42,3.1,10.9,37133,26.8,30,22.5,FALSE
Onslow,2013,0.71,2.06,11.32,56.88,7.37,63.59,47.7,15.52,4.58,3.17,9.8,37133,25.7,30,22.5,FALSE
Onslow,2014,0.75,2.07,11.41,56.69,7.55,63.36,47.32,15.55,4.75,3.29,10.1,37133,24.8,27.8,23.6,FALSE
Orange,2010,0.47,5.02,8.96,58.91,5.03,68.33,38.18,25.5,5.67,4.01,7,37135,13.1,22.3,NA,FALSE
Orange,2011,0.46,5.14,9.02,58.63,4.82,68.42,37.41,25.75,5.99,4.09,7.5,37135,12.9,22.4,NA,FALSE
Orange,2012,0.46,5.25,9.07,58.48,4.74,68.51,37.17,25.43,6.48,4.18,7.7,37135,12.7,22.7,16.3,FALSE
Orange,2013,0.46,5.47,9.18,58.45,4.76,68.81,37.12,25.33,6.88,4.24,8,37135,12,22.7,16.3,FALSE
Orange,2014,0.46,5.62,9.15,58.67,4.76,69.14,36.84,25.39,7.3,4.37,8.2,37135,11.6,20.8,16,FALSE
Pamlico,2010,0.52,0.38,16.74,62.5,1.85,78.29,25.5,32.77,12.67,9.2,10.3,37137,30.58,28.7,NA,FALSE
Pamlico,2011,0.49,0.39,16.66,62.81,1.8,78.56,25.54,32.41,13.03,9.39,11.2,37137,29.5,28.6,NA,FALSE
Pamlico,2012,0.51,0.47,16.6,63.38,1.92,79.04,25.29,31.92,13.99,9.76,11.5,37137,NA,27.5,26.9,FALSE
Pamlico,2013,0.53,0.5,16.75,63.66,1.93,79.52,24.66,31.67,14.83,10.29,11.4,37137,17.4,27.5,26.9,FALSE
Pamlico,2014,0.56,0.57,16.62,64.05,2.11,79.69,25.06,30.88,15.5,10.36,10.4,37137,NA,30.2,28.7,FALSE
Pasquotank,2010,0.36,0.96,27.25,44.72,2.43,70.86,33.58,26.1,7.36,6.25,11.5,37139,28.1,32.3,NA,TRUE
Pasquotank,2011,0.38,1.03,27.4,45.13,2.54,71.41,33.53,26.53,7.68,6.2,13,37139,30,31.7,NA,TRUE
Pasquotank,2012,0.4,1.1,27.41,45.18,2.63,71.46,33.62,26.15,8.16,6.17,13.3,37139,33,33.3,26.2,TRUE
Pasquotank,2013,0.43,1.14,27.59,45.5,2.6,72.05,33.33,26.45,8.62,6.25,13.2,37139,34.6,33.3,26.2,TRUE
Pasquotank,2014,0.41,1.16,27.65,45.68,2.73,72.18,33.22,26.36,8.97,6.35,11.5,37139,34.8,32.6,29.3,TRUE
Pender,2010,0.6,0.39,13.39,60.55,3.54,71.4,30.21,29.49,9.05,6.18,10.1,37141,25.71,28.7,NA,FALSE
Pender,2011,0.59,0.41,13.35,60.8,3.49,71.66,30.16,29.43,9.25,6.31,10.8,37141,27.3,32.3,NA,FALSE
Pender,2012,0.59,0.46,13.38,61.09,3.43,72.09,30.04,29.32,9.84,6.33,10.5,37141,27.7,32.2,24.5,FALSE
Pender,2013,0.61,0.49,13.17,61.24,3.5,72.02,29.85,29.03,10.19,6.44,10.3,37141,29.6,32.2,24.5,FALSE
Pender,2014,0.59,0.51,12.88,61.63,3.56,72.05,29.63,29.08,10.43,6.47,10.3,37141,28.1,29.2,26.6,FALSE
Perquimans,2010,0.24,0.33,18.06,58.75,1.3,76.1,25.54,30.31,13.1,8.44,11.1,37143,NA,31.4,NA,TRUE
Perquimans,2011,0.27,0.36,18.22,58.95,1.34,76.46,25.55,29.96,13.38,8.91,11.4,37143,25.2,32.1,NA,TRUE
Perquimans,2012,0.28,0.42,18.39,58.98,1.36,76.71,25.2,29.5,13.98,9.39,11.4,37143,22.3,33.4,28.2,TRUE
Perquimans,2013,0.26,0.43,18.2,58.93,1.39,76.44,25.17,28.74,14.26,9.65,10.4,37143,NA,33.4,28.2,TRUE
Perquimans,2014,0.3,0.38,18.18,59.26,1.46,76.66,24.83,28.41,14.87,10,10.7,37143,21,31.9,28.1,TRUE
Person,2010,0.57,0.29,19.69,53.97,2.33,72.19,29.17,30.11,8.64,6.61,11.6,37145,30.75,32,NA,FALSE
Person,2011,0.58,0.3,19.86,54.07,2.39,72.42,29.07,30.23,8.88,6.63,10.7,37145,29.8,30.1,NA,FALSE
Person,2012,0.6,0.32,20.11,54.43,2.39,73.07,29.08,30.11,9.39,6.87,11,37145,25.5,33.2,28,FALSE
Person,2013,0.59,0.33,20.44,54.25,2.36,73.26,28.87,29.93,9.79,7.03,10.6,37145,25.6,33.2,28,FALSE
Person,2014,0.61,0.36,20.67,54.5,2.33,73.8,28.83,29.79,10.36,7.14,10.7,37145,27,32.6,29.5,FALSE
Pitt,2010,0.36,1.44,23.72,46.61,3.18,68.94,39.53,22.67,5.55,4.37,9.4,37147,20.15,32.2,NA,FALSE
Pitt,2011,0.36,1.51,23.99,46.83,3.18,69.5,39.76,22.82,5.65,4.44,9.5,37147,19.6,32.9,NA,FALSE
Pitt,2012,0.37,1.52,24.18,46.83,3.27,69.62,39.77,22.57,6.05,4.5,9.5,37147,19.5,35.9,25.1,FALSE
Pitt,2013,0.37,1.55,24.41,46.76,3.27,69.82,39.58,22.52,6.43,4.56,9.9,37147,19.1,35.9,25.1,FALSE
Pitt,2014,0.38,1.6,24.73,46.64,3.37,69.98,39.42,22.47,6.79,4.67,10.2,37147,19.2,35.7,24.3,FALSE
Polk,2010,0.29,0.31,3.52,74.8,2.92,76,23.09,31.33,12.22,12.27,7.5,37149,20.6,23.7,NA,TRUE
Polk,2011,0.3,0.34,3.55,75.53,3.13,76.59,22.95,31.71,12.62,12.44,8,37149,20.4,23.2,NA,TRUE
Polk,2012,0.34,0.37,3.62,75.66,3,76.98,22.53,31.24,13.62,12.6,9.1,37149,21.5,22.1,25.1,TRUE
Polk,2013,0.35,0.37,3.68,76.03,3.05,77.39,22.34,30.93,14.36,12.81,9.5,37149,23.4,22.1,25.1,TRUE
Polk,2014,0.36,0.4,3.72,76.41,3.08,77.8,22.18,30.91,14.84,12.95,9.5,37149,18.9,23,25.8,TRUE
Randolph,2010,0.69,0.78,4.3,67.4,5.68,67.49,31.32,27.71,8.12,6.02,9.3,37151,25.98,28.9,NA,FALSE
Randolph,2011,0.67,0.77,4.31,67.76,5.7,67.81,30.94,28.04,8.36,6.16,10,37151,25.6,28.8,NA,FALSE
Randolph,2012,0.7,0.8,4.39,67.89,5.72,68.08,30.55,28.02,8.94,6.29,10.8,37151,24.2,29.5,30.3,FALSE
Randolph,2013,0.72,0.84,4.53,67.96,5.78,68.27,30.18,28.15,9.33,6.39,12,37151,23.8,29.5,30.3,FALSE
Randolph,2014,0.7,0.9,4.6,68.15,5.89,68.46,29.96,28.23,9.69,6.47,12,37151,23.4,28.7,28.8,FALSE
Richmond,2010,1.92,0.79,21.51,48.58,3.34,69.46,31.15,27.25,8.17,6.23,11.3,37153,26.79,30.4,NA,TRUE
Richmond,2011,1.96,0.86,21.71,48.58,3.35,69.76,31.08,27.31,8.37,6.34,11.3,37153,24.1,30.7,NA,TRUE
Richmond,2012,2,0.85,22.03,48.61,3.46,70.04,31.08,27.12,8.85,6.44,10.7,37153,28.7,31.6,30.5,TRUE
Richmond,2013,2.05,0.87,22.37,48.57,3.41,70.46,31.1,26.97,9.21,6.59,9.9,37153,27.9,31.6,30.5,TRUE
Richmond,2014,2.11,0.81,22.75,48.5,3.47,70.71,31.07,26.8,9.67,6.65,10.3,37153,26.1,30.5,32.7,TRUE
Robeson,2010,26.98,0.68,16.92,25.06,4.61,65.03,33.18,25.14,6.71,4.6,14.8,37155,27.98,36.1,NA,TRUE
Robeson,2011,27.32,0.69,17.11,24.88,4.37,65.63,33.14,25.31,6.9,4.66,14.9,37155,27.9,38.7,NA,TRUE
Robeson,2012,27.72,0.67,17.27,24.67,4.24,66.1,33.06,25.22,7.32,4.74,15.3,37155,26.8,41.1,38.7,TRUE
Robeson,2013,28.17,0.64,17.47,24.39,4.15,66.52,32.88,25.16,7.74,4.89,14.8,37155,26,41.1,38.7,TRUE
Robeson,2014,28.53,0.61,17.55,24.2,4.11,66.79,32.59,25.13,8.13,5.05,15,37155,25.6,40.7,37.2,TRUE
Rockingham,2010,0.34,0.42,14.27,60.56,3.11,72.48,29.41,29.88,9.07,7.23,10,37157,34.41,31.1,NA,FALSE
Rockingham,2011,0.34,0.42,14.39,60.83,3.11,72.87,29.06,30.22,9.29,7.41,11.5,37157,33.7,30.9,NA,FALSE
Rockingham,2012,0.35,0.43,14.56,61.09,3.15,73.29,28.75,30.26,9.88,7.55,11.1,37157,30.7,33.2,30.9,FALSE
Rockingham,2013,0.38,0.46,14.69,61.21,3.21,73.53,28.51,30.25,10.31,7.67,11.8,37157,29.3,33.2,30.9,FALSE
Rockingham,2014,0.4,0.47,14.8,61.31,3.19,73.78,28.23,30.3,10.59,7.85,10.4,37157,27.5,32.4,29.9,FALSE
Rowan,2010,0.39,0.79,11.52,60.95,4.23,69.41,31.64,27.52,7.86,6.61,11.3,37159,29.72,29.7,NA,FALSE
Rowan,2011,0.39,0.81,11.59,61.3,4.24,69.86,31.47,27.92,8.06,6.65,11.4,37159,28,30.3,NA,FALSE
Rowan,2012,0.4,0.88,11.63,61.53,4.24,70.2,31.14,27.89,8.66,6.75,10.9,37159,25.6,31.5,30.1,FALSE
Rowan,2013,0.42,0.89,11.84,61.48,4.3,70.34,31.04,27.78,9.08,6.73,11.2,37159,24.6,31.5,30.1,FALSE
Rowan,2014,0.43,0.9,12.03,61.45,4.4,70.41,30.93,27.73,9.41,6.74,11.4,37159,24.9,33.1,30.2,FALSE
Rutherford,2010,0.21,0.39,7.48,67.14,1.99,73.23,28.57,29.27,9.88,7.5,10.5,37161,23.5,27.7,NA,TRUE
Rutherford,2011,0.22,0.39,7.53,67.53,2.07,73.61,28.54,29.5,10.07,7.57,10.8,37161,24.7,29.5,NA,TRUE
Rutherford,2012,0.22,0.42,7.58,67.94,2.16,74,28.45,29.21,10.75,7.75,10.8,37161,24.8,30.6,31.2,TRUE
Rutherford,2013,0.25,0.43,7.62,68.15,2.21,74.24,28.19,29.2,11.28,7.79,11.5,37161,26,30.6,31.2,TRUE
Rutherford,2014,0.25,0.46,7.62,68.34,2.29,74.38,27.85,29.08,11.71,8.03,11.1,37161,26.5,30,28.8,TRUE
Sampson,2010,2.13,0.47,20.05,49.32,9.21,62.76,31.13,26.49,8.11,6.24,11.5,37163,26.27,31.6,NA,TRUE
Sampson,2011,2.15,0.47,20.2,49.46,9.32,62.96,30.86,26.84,8.22,6.37,10.9,37163,23,32.8,NA,TRUE
Sampson,2012,2.22,0.52,20.12,49.62,9.51,62.96,30.65,26.76,8.53,6.53,12,37163,18.5,35.9,29,TRUE
Sampson,2013,2.21,0.53,20.31,49.64,9.7,62.99,30.48,26.64,8.91,6.65,12.1,37163,17.8,35.9,29,TRUE
Sampson,2014,2.23,0.57,20.37,49.66,9.88,62.94,30.24,26.62,9.21,6.77,13.1,37163,16.9,36.7,27.5,TRUE
Scotland,2010,7.36,0.54,26.81,37.3,1.25,70.75,30.32,28.04,7.85,5.79,12,37165,29.1,33.9,NA,TRUE
Scotland,2011,7.47,0.59,27.39,37.14,1.42,71.18,30.54,28.1,8.02,5.95,13.3,37165,25.8,34.9,NA,TRUE
Scotland,2012,7.68,0.64,27.71,37.06,1.51,71.59,30.91,27.57,8.51,6.1,11.3,37165,26.1,36.1,28.8,TRUE
Scotland,2013,7.69,0.67,27.99,36.87,1.6,71.63,30.98,27.1,8.94,6.2,12.1,37165,25.9,36.1,28.8,TRUE
Scotland,2014,7.95,0.63,28.45,36.78,1.72,72.09,31.16,26.75,9.56,6.34,11.3,37165,24.8,36.4,28.9,TRUE
Stanly,2010,0.25,1.22,7.89,65.24,1.98,72.62,30.75,28.08,8.8,6.97,10.4,37167,27.35,27.1,NA,TRUE
Stanly,2011,0.28,1.22,7.98,65.49,1.99,72.99,30.64,28.33,8.89,7.12,10.2,37167,27.3,27.7,NA,TRUE
Stanly,2012,0.29,1.31,8.05,65.67,1.99,73.34,30.57,28.24,9.38,7.14,10.1,37167,27.7,26.4,31.8,TRUE
Stanly,2013,0.3,1.41,8.23,65.74,2.01,73.66,30.45,28.1,9.89,7.23,10.4,37167,25.5,26.4,31.8,TRUE
Stanly,2014,0.31,1.49,8.3,65.71,2.1,73.7,30.17,27.99,10.32,7.33,10.1,37167,25.3,26.6,30.7,TRUE
Stokes,2010,0.27,0.22,3.27,71.86,1.49,74.12,28.86,30.66,9.4,6.7,8.7,37169,31.69,29,NA,FALSE
Stokes,2011,0.29,0.25,3.33,72.27,1.55,74.57,28.61,30.93,9.65,6.94,9.5,37169,33.6,30.7,NA,FALSE
Stokes,2012,0.29,0.27,3.32,72.74,1.56,75.06,28.13,30.87,10.38,7.24,10.7,37169,36.2,27.8,26.2,FALSE
Stokes,2013,0.32,0.27,3.38,73.27,1.56,75.68,27.98,30.93,10.85,7.49,10.5,37169,36.4,27.8,26.2,FALSE
Stokes,2014,0.33,0.29,3.45,73.72,1.61,76.17,27.77,31,11.23,7.77,9.3,37169,36.1,25.6,25.9,FALSE
Surry,2010,0.33,0.43,3,70.54,5.12,69.18,29.47,28.14,9.18,7.51,10.8,37171,30.06,27.5,NA,TRUE
Surry,2011,0.34,0.44,3.01,71,5.19,69.6,29.33,28.5,9.33,7.62,11.7,37171,29.7,28.2,NA,TRUE
Surry,2012,0.36,0.45,3.02,71.14,5.14,69.84,28.96,28.38,9.87,7.76,11.1,37171,27.2,31.4,27.9,TRUE
Surry,2013,0.37,0.46,3.05,71.56,5.07,70.38,28.67,28.42,10.38,7.98,11.1,37171,26.5,31.4,27.9,TRUE
Surry,2014,0.38,0.5,3.11,71.71,5.19,70.51,28.42,28.43,10.68,8.18,10.1,37171,27.5,30.7,26.5,TRUE
Swain,2010,18.52,0.37,0.67,54.41,1.89,72.08,28.87,28.33,9.89,6.89,13,37173,40.28,28.1,NA,TRUE
Swain,2011,18.8,0.36,0.79,54.39,2.08,72.26,29.17,28.1,10.02,7.05,14.1,37173,38.2,31.6,NA,TRUE
Swain,2012,19.06,0.39,0.9,54.24,2.26,72.33,29.55,27.55,10.33,7.17,13.9,37173,32.1,32,29.6,TRUE
Swain,2013,19.52,0.47,0.92,54.07,2.37,72.61,29.87,27.16,10.79,7.16,12.8,37173,28.2,32,29.6,TRUE
Swain,2014,19.71,0.51,1.15,53.56,2.34,72.6,30.05,26.52,11.11,7.26,10.9,37173,29.9,33.9,30.2,TRUE
Transylvania,2010,0.26,0.35,2.87,76.15,1.87,77.76,24.65,29.05,14.09,11.84,7.2,37175,26.55,24.2,NA,TRUE
Transylvania,2011,0.26,0.37,2.9,76.43,1.73,78.23,24.58,28.9,14.47,12.01,7.5,37175,24.4,23.7,NA,TRUE
Transylvania,2012,0.26,0.39,2.9,76.87,1.82,78.61,24.49,28.23,15.29,12.4,7.9,37175,19.4,23.8,24.6,TRUE
Transylvania,2013,0.27,0.43,2.93,77.12,1.78,78.96,24.5,28.1,15.57,12.57,8.2,37175,17.4,23.8,24.6,TRUE
Transylvania,2014,0.28,0.48,2.98,77.43,1.79,79.38,24.71,27.87,15.64,12.95,7.8,37175,22.7,23.7,22.6,TRUE
Tyrrell,2010,0.39,1.47,31.66,45.87,2.88,76.51,33.88,28.56,9.35,7.59,11.6,37177,NA,31,NA,TRUE
Tyrrell,2011,0.35,1.61,31.61,46.02,2.97,76.62,34.17,28.45,9.18,7.79,11.9,37177,NA,31.5,NA,TRUE
Tyrrell,2012,0.39,1.72,30.11,47.31,3.44,76.08,32.56,28.63,9.87,8.47,11.7,37177,NA,31.9,28.4,TRUE
Tyrrell,2013,0.44,1.71,30.6,47.22,3.61,76.36,32.68,28.02,10.38,8.89,11.7,37177,NA,31.9,28.4,TRUE
Tyrrell,2014,0.51,1.8,30.68,47.26,3.79,76.46,32.77,27.74,10.58,9.15,11.3,37177,NA,31.3,29.9,TRUE
Union,2010,0.42,1.26,7.88,57.71,5.86,61.41,32.15,25.38,6.13,3.61,8.5,37179,20.41,26.8,NA,FALSE
Union,2011,0.43,1.32,7.94,57.81,5.91,61.59,31.45,26.03,6.31,3.7,8.3,37179,18,27.5,NA,FALSE
Union,2012,0.44,1.41,8.07,57.91,5.9,61.93,30.93,26.35,6.7,3.85,8.8,37179,17.8,28.3,22.3,FALSE
Union,2013,0.44,1.51,8.16,58.09,5.9,62.3,30.58,26.63,7,3.98,9,37179,17.8,28.3,22.3,FALSE
Union,2014,0.43,1.66,8.22,58.27,5.95,62.63,30.33,26.9,7.25,4.11,10.1,37179,16.4,27.4,21.2,FALSE
Vance,2010,0.42,0.36,34.63,36.33,3.58,68.17,30.23,27.26,8,6.25,12.8,37181,30.05,33.8,NA,TRUE
Vance,2011,0.43,0.36,35.17,36.22,3.52,68.66,30.13,27.41,8.25,6.4,12.5,37181,28.8,33.7,NA,TRUE
Vance,2012,0.44,0.42,35.51,36.17,3.57,68.98,29.95,27.3,8.8,6.49,11.7,37181,27.5,32.7,32.8,TRUE
Vance,2013,0.46,0.43,36.09,36.45,3.57,69.86,29.79,27.65,9.34,6.64,12.2,37181,27.1,32.7,32.8,TRUE
Vance,2014,0.48,0.47,36.54,36.13,3.69,69.93,29.68,27.45,9.73,6.76,11.2,37181,27.5,33,31.6,TRUE
Wake,2010,0.57,4.08,14.66,51.89,5.81,65.4,38.18,24.46,4.98,3.59,7.4,37183,15.95,27,NA,FALSE
Wake,2011,0.56,4.2,14.82,51.77,5.77,65.58,37.69,24.82,5.18,3.65,7.7,37183,15.2,26.7,NA,FALSE
Wake,2012,0.55,4.37,15.02,51.68,5.76,65.87,37.33,24.95,5.62,3.72,8.9,37183,15.3,26,18.1,FALSE
Wake,2013,0.55,4.59,15.16,51.65,5.75,66.19,37.04,25.13,5.97,3.8,8.5,37183,14.2,26,18.1,FALSE
Wake,2014,0.54,4.77,15.23,51.7,5.75,66.49,36.81,25.28,6.27,3.88,8.5,37183,12.9,24.8,18.6,FALSE
Warren,2010,3.98,0.24,39.6,33.62,1.91,75.53,27.39,31.02,10.67,8.35,13,37185,24.17,36.4,NA,TRUE
Warren,2011,4.07,0.23,39.82,33.59,1.93,75.78,27.38,30.76,10.98,8.6,12.4,37185,NA,36.1,NA,TRUE
Warren,2012,4.12,0.26,40.18,34.02,2.07,76.5,27.44,30.43,11.82,8.88,12.2,37185,NA,36.5,31,TRUE
Warren,2013,4.16,0.27,40.01,34.08,2.21,76.32,27,30.15,12.2,9.18,11.4,37185,NA,36.5,31,TRUE
Warren,2014,4.16,0.31,40.41,34.32,2.21,76.98,27.09,30.16,12.59,9.35,11.8,37185,22.5,34.8,31.2,TRUE
Washington,2010,0.3,0.21,35.12,39.03,1.97,72.7,25.96,30.41,9.99,8.32,11.5,37187,19.23,32.3,NA,TRUE
Washington,2011,0.29,0.22,35.8,39.15,2.08,73.38,25.8,30.75,10.26,8.66,11.7,37187,21.3,33.4,NA,TRUE
Washington,2012,0.33,0.2,35.92,39.64,2.13,73.95,25.34,30.75,11.04,8.95,11.7,37187,18.5,34.6,29.5,TRUE
Washington,2013,0.35,0.24,36.03,39.54,2.4,73.76,25.44,30.37,11.36,8.99,11.6,37187,17.5,34.6,29.5,TRUE
Washington,2014,0.37,0.26,36.33,39.86,2.51,74.32,25.43,30.12,12.06,9.21,11.4,37187,NA,33,30.4,TRUE
Watauga,2010,0.26,0.79,1.39,74.5,2.13,74.81,41.98,22.49,7.16,5.31,9.6,37189,26.59,23.1,NA,TRUE
Watauga,2011,0.27,0.78,1.31,74.89,2.09,75.16,42.25,22.3,7.33,5.38,10.1,37189,23,25,NA,TRUE
Watauga,2012,0.29,0.83,1.33,74.78,2.08,75.14,41.93,22.08,7.75,5.47,8.4,37189,21,24.9,20.6,TRUE
Watauga,2013,0.29,0.87,1.37,74.86,2.02,75.38,41.53,22.15,8.23,5.49,8.7,37189,19.6,24.9,20.6,TRUE
Watauga,2014,0.31,0.86,1.41,75.3,2,75.88,41.15,22.36,8.6,5.77,9.2,37189,16.4,27.5,21.9,TRUE
Wayne,2010,0.5,1.14,22.69,48.15,5.63,66.85,33.04,26.28,7.44,5.72,11.4,37191,27.96,30.8,NA,FALSE
Wayne,2011,0.51,1.13,22.93,48.21,5.68,67.1,33.18,26.32,7.47,5.81,11.2,37191,23.4,31.9,NA,FALSE
Wayne,2012,0.52,1.17,23.11,48.24,5.85,67.19,33.24,26.1,7.76,5.94,11.8,37191,23.6,33,32,FALSE
Wayne,2013,0.54,1.16,23.36,48.26,5.91,67.41,33.09,26.08,8.02,6.14,12,37191,24,33,32,FALSE
Wayne,2014,0.54,1.19,23.58,48.18,5.96,67.53,32.96,25.94,8.28,6.32,12.8,37191,23.6,34.1,31,FALSE
Wilkes,2010,0.23,0.36,3.31,71.61,2.96,72.54,28.86,29.55,9.87,7.22,11,37193,27.49,27.9,NA,TRUE
Wilkes,2011,0.23,0.34,3.36,71.97,2.95,72.95,28.6,29.71,10.09,7.5,10.4,37193,27.7,28.6,NA,TRUE
Wilkes,2012,0.25,0.35,3.43,72.1,3,73.13,28.31,29.44,10.62,7.76,9.2,37193,27.5,29.8,31.8,TRUE
Wilkes,2013,0.26,0.37,3.48,72.33,2.96,73.48,28.13,29.34,10.94,8.02,8.7,37193,28.1,29.8,31.8,TRUE
Wilkes,2014,0.27,0.39,3.5,72.5,3.03,73.63,28.01,29.17,11.25,8.23,10.2,37193,28,29.3,31.9,TRUE
Wilson,2010,0.33,0.69,27.71,43.9,5.41,67.22,30.89,27.49,8.03,6.23,12.3,37195,21.39,31.4,NA,TRUE
Wilson,2011,0.36,0.71,28.19,43.71,5.26,67.7,30.63,27.79,8.16,6.38,11.6,37195,19.2,31.9,NA,TRUE
Wilson,2012,0.36,0.76,28.62,43.63,5.25,68.12,30.5,27.67,8.64,6.56,12,37195,16.1,32.2,31.6,TRUE
Wilson,2013,0.35,0.81,28.95,43.57,5.26,68.42,30.35,27.61,9.08,6.65,10.8,37195,11.8,32.2,31.6,TRUE
Wilson,2014,0.39,0.83,29.28,43.46,5.26,68.7,30.33,27.53,9.41,6.69,11.3,37195,12.1,34.9,30.5,TRUE
Yadkin,2010,0.34,0.24,2.31,71.46,5.15,69.2,29.57,28.49,9.3,6.99,8.5,37197,26.26,30.5,NA,FALSE
Yadkin,2011,0.38,0.26,2.34,71.8,5.24,69.55,29.22,28.91,9.52,7.15,8.3,37197,26.9,29.9,NA,FALSE
Yadkin,2012,0.38,0.27,2.43,72.16,5.36,69.88,28.93,28.98,9.93,7.39,8.8,37197,25.4,30,28.8,FALSE
Yadkin,2013,0.4,0.28,2.48,72.47,5.44,70.19,28.52,29.18,10.34,7.6,8.7,37197,25.1,30,28.8,FALSE
Yadkin,2014,0.41,0.3,2.5,72.7,5.58,70.33,28.19,29.25,10.68,7.79,8.8,37197,25.5,29.7,28.1,FALSE
Yancey,2010,0.36,0.26,0.79,76.63,2.49,75.55,27.13,30.17,11.61,9.14,8.7,37199,17.16,23.8,NA,TRUE
Yancey,2011,0.37,0.27,0.8,76.85,2.47,75.82,26.98,30.14,11.85,9.32,9.2,37199,19.1,24.5,NA,TRUE
Yancey,2012,0.4,0.32,0.85,76.91,2.44,76.04,26.98,29.55,12.4,9.55,9.3,37199,20.9,27.4,28.3,TRUE
Yancey,2013,0.42,0.36,0.85,77.04,2.46,76.22,26.67,29.18,13.02,9.81,8.6,37199,24.1,27.4,28.3,TRUE
Yancey,2014,0.44,0.36,0.89,77.37,2.52,76.55,26.52,29.16,13.42,9.97,8.4,37199,21.4,28.7,30.6,TRUE
